,gross_return,net_return,equity,turnover,cost
2020-01-01,0.0,0.0,100000.0,0.0,0.0
2020-01-02,0.0,0.0,100000.0,0.0,0.0
2020-01-03,0.0,0.0,100000.0,0.0,0.0
2020-01-06,0.0,0.0,100000.0,0.0,0.0
2020-01-07,0.0,0.0,100000.0,0.0,0.0
2020-01-08,0.0,0.0,100000.0,0.0,0.0
2020-01-09,0.0,0.0,100000.0,0.0,0.0
2020-01-10,0.0,0.0,100000.0,0.0,0.0
2020-01-13,0.0,0.0,100000.0,0.0,0.0
2020-01-14,0.0,0.0,100000.0,0.0,0.0
2020-01-15,0.0,0.0,100000.0,0.0,0.0
2020-01-16,0.0,0.0,100000.0,0.0,0.0
2020-01-17,0.0,0.0,100000.0,0.0,0.0
2020-01-20,0.0,0.0,100000.0,0.0,0.0
2020-01-21,0.0,0.0,100000.0,0.0,0.0
2020-01-22,0.0,0.0,100000.0,0.0,0.0
2020-01-23,0.0,0.0,100000.0,0.0,0.0
2020-01-24,0.0,0.0,100000.0,0.0,0.0
2020-01-27,0.0,0.0,100000.0,0.0,0.0
2020-01-28,0.0,0.0,100000.0,0.0,0.0
2020-01-29,0.0,0.0,100000.0,0.0,0.0
2020-01-30,0.0,0.0,100000.0,0.0,0.0
2020-01-31,0.0,0.0,100000.0,0.0,0.0
2020-02-03,0.0,0.0,100000.0,0.0,0.0
2020-02-04,0.0,0.0,100000.0,0.0,0.0
2020-02-05,0.0,0.0,100000.0,0.0,0.0
2020-02-06,0.0,0.0,100000.0,0.0,0.0
2020-02-07,0.0,0.0,100000.0,0.0,0.0
2020-02-10,0.0,0.0,100000.0,0.0,0.0
2020-02-11,0.0,0.0,100000.0,0.0,0.0
2020-02-12,0.0,0.0,100000.0,0.0,0.0
2020-02-13,0.0,0.0,100000.0,0.0,0.0
2020-02-14,0.0,0.0,100000.0,0.0,0.0
2020-02-17,0.0,0.0,100000.0,0.0,0.0
2020-02-18,0.0,0.0,100000.0,0.0,0.0
2020-02-19,0.0,0.0,100000.0,0.0,0.0
2020-02-20,0.0,0.0,100000.0,0.0,0.0
2020-02-21,0.0,0.0,100000.0,0.0,0.0
2020-02-24,0.0,0.0,100000.0,0.0,0.0
2020-02-25,0.0,0.0,100000.0,0.0,0.0
2020-02-26,0.0,0.0,100000.0,0.0,0.0
2020-02-27,0.0,0.0,100000.0,0.0,0.0
2020-02-28,0.0,0.0,100000.0,0.0,0.0
2020-03-02,0.0,0.0,100000.0,0.0,0.0
2020-03-03,0.0,0.0,100000.0,0.0,0.0
2020-03-04,0.0,0.0,100000.0,0.0,0.0
2020-03-05,0.0,0.0,100000.0,0.0,0.0
2020-03-06,0.0,0.0,100000.0,0.0,0.0
2020-03-09,0.0,0.0,100000.0,0.0,0.0
2020-03-10,0.0,0.0,100000.0,0.0,0.0
2020-03-11,0.0,0.0,100000.0,0.0,0.0
2020-03-12,0.0,0.0,100000.0,0.0,0.0
2020-03-13,0.0,0.0,100000.0,0.0,0.0
2020-03-16,0.0,0.0,100000.0,0.0,0.0
2020-03-17,0.0,0.0,100000.0,0.0,0.0
2020-03-18,0.0,0.0,100000.0,0.0,0.0
2020-03-19,0.0,0.0,100000.0,0.0,0.0
2020-03-20,0.0,0.0,100000.0,0.0,0.0
2020-03-23,0.0,0.0,100000.0,0.0,0.0
2020-03-24,0.0,0.0,100000.0,0.0,0.0
2020-03-25,0.0,0.0,100000.0,0.0,0.0
2020-03-26,0.0,0.0,100000.0,0.0,0.0
2020-03-27,0.0,0.0,100000.0,0.0,0.0
2020-03-30,0.0,0.0,100000.0,0.0,0.0
2020-03-31,0.0,0.0,100000.0,0.0,0.0
2020-04-01,0.0,0.0,100000.0,0.0,0.0
2020-04-02,0.0,0.0,100000.0,0.0,0.0
2020-04-03,0.0,0.0,100000.0,0.0,0.0
2020-04-06,0.0,0.0,100000.0,0.0,0.0
2020-04-07,0.0,0.0,100000.0,0.0,0.0
2020-04-08,0.0,0.0,100000.0,0.0,0.0
2020-04-09,0.0,0.0,100000.0,0.0,0.0
2020-04-10,0.0,0.0,100000.0,0.0,0.0
2020-04-13,0.0,0.0,100000.0,0.0,0.0
2020-04-14,0.0,0.0,100000.0,0.0,0.0
2020-04-15,0.0,0.0,100000.0,0.0,0.0
2020-04-16,0.0,0.0,100000.0,0.0,0.0
2020-04-17,0.0,0.0,100000.0,0.0,0.0
2020-04-20,0.0,0.0,100000.0,0.0,0.0
2020-04-21,0.0,0.0,100000.0,0.0,0.0
2020-04-22,0.0,0.0,100000.0,0.0,0.0
2020-04-23,0.0,0.0,100000.0,0.0,0.0
2020-04-24,0.0,0.0,100000.0,0.0,0.0
2020-04-27,0.0,0.0,100000.0,0.0,0.0
2020-04-28,0.0,0.0,100000.0,0.0,0.0
2020-04-29,0.0,0.0,100000.0,0.0,0.0
2020-04-30,0.0,0.0,100000.0,0.0,0.0
2020-05-01,0.0,0.0,100000.0,0.0,0.0
2020-05-04,0.0,0.0,100000.0,0.0,0.0
2020-05-05,0.0,0.0,100000.0,0.0,0.0
2020-05-06,0.0,0.0,100000.0,0.0,0.0
2020-05-07,0.0,0.0,100000.0,0.0,0.0
2020-05-08,0.0,0.0,100000.0,0.0,0.0
2020-05-11,0.0,0.0,100000.0,0.0,0.0
2020-05-12,0.0,0.0,100000.0,0.0,0.0
2020-05-13,0.0,0.0,100000.0,0.0,0.0
2020-05-14,0.0,0.0,100000.0,0.0,0.0
2020-05-15,0.0,0.0,100000.0,0.0,0.0
2020-05-18,0.0,0.0,100000.0,0.0,0.0
2020-05-19,0.0,0.0,100000.0,0.0,0.0
2020-05-20,-0.008085404997136947,-0.008585404997136947,99141.4595002863,1.0,0.0005
2020-05-21,0.007511412408657492,0.007511412408657492,99886.15188938916,0.0,0.0
2020-05-22,0.014962471188343374,0.014962471188343374,101380.69555914863,0.0,0.0
2020-05-25,-0.00609823524949249,-0.00609823524949249,100762.45222787176,0.0,0.0
2020-05-26,-0.009353435641294927,-0.009853435641294928,99769.59588978539,1.0,0.0005
2020-05-27,-0.001235812418037996,-0.001235812418037996,99646.29938424214,0.0,0.0
2020-05-28,0.005699618163580444,0.005699618163580444,100214.24524214615,0.0,0.0
2020-05-29,-0.0003047668119131042,-0.0003047668119131042,100183.70326611541,0.0,0.0
2020-06-01,0.000405431719175009,0.000405431719175009,100224.32091716392,0.0,0.0
2020-06-02,-0.0060101040833989705,-0.0060101040833989705,99621.96231676378,0.0,0.0
2020-06-03,-0.002444827058734611,-0.002444827058734611,99378.40384764751,0.0,0.0
2020-06-04,0.0024272896621732043,0.0024272896621732043,99619.62401995019,0.0,0.0
2020-06-05,0.000948850400793122,0.000948850400793122,99714.14814012838,0.0,0.0
2020-06-08,0.007711071277603732,0.007711071277603732,100483.05104382244,0.0,0.0
2020-06-09,0.0016801805925015234,0.0016801805925015234,100651.88071606161,0.0,0.0
2020-06-10,0.009525477873736143,0.009525477873736143,101610.63797877239,0.0,0.0
2020-06-11,-0.00546005378454728,-0.005793387117880613,101021.96821766654,0.6666666666666667,0.0003333333333333334
2020-06-12,-0.005447311233848709,-0.005447311233848709,100471.67011532893,0.0,0.0
2020-06-15,0.0008457553017802892,0.0008457553017802892,100556.64456300768,0.0,0.0
2020-06-16,-0.0007289365574367397,-0.0007289365574367397,100483.34514869253,0.0,0.0
2020-06-17,0.0032356313547037274,0.0032356313547037274,100808.47221088115,0.0,0.0
2020-06-18,-0.0039769119521193925,-0.0039769119521193925,100407.56579287082,0.0,0.0
2020-06-19,0.005387688526522419,0.005387688526522419,100948.53048306913,0.0,0.0
2020-06-22,0.00484408886984163,0.00484408886984163,101437.53413600902,0.0,0.0
2020-06-23,-0.0077405506942139395,-0.0077405506942139395,100652.35176073319,0.0,0.0
2020-06-24,-0.006083553847350598,-0.006083553847350598,100040.0277589343,0.0,0.0
2020-06-25,-0.0013815734080214006,-0.0013815734080214006,99901.81511684484,0.0,0.0
2020-06-26,-0.002869621472953739,-0.002869621472953739,99615.13472299848,0.0,0.0
2020-06-29,-0.00015825267490491654,-0.00015825267490491654,99599.37036146755,0.0,0.0
2020-06-30,0.011008805353071766,0.011008805353071766,100695.84044306545,0.0,0.0
2020-07-01,-0.0032915422630606095,-0.0032915422630606095,100364.3958285327,0.0,0.0
2020-07-02,0.007506980173894913,0.007506980173894913,101117.82935818243,0.0,0.0
2020-07-03,-0.0048902632992700035,-0.0048902632992700035,100623.33654837025,0.0,0.0
2020-07-06,-0.0007311345525486956,-0.0007311345525486956,100549.767350227,0.0,0.0
2020-07-07,-0.006595647456260401,-0.006595647456260401,99886.5765329759,0.0,0.0
2020-07-08,-0.0018414399334620857,-0.0018414399334620857,99702.64140213127,0.0,0.0
2020-07-09,-0.0031195580941764476,-0.0031195580941764476,99391.61322013447,0.0,0.0
2020-07-10,0.0034923272537184715,0.0034923272537184715,99738.72125977419,0.0,0.0
2020-07-13,0.026446556370308533,0.026446556370308533,102376.46697387328,0.0,0.0
2020-07-14,-0.006185316164021681,-0.006435316164021682,101717.64204114089,0.49999999999999994,0.00024999999999999995
2020-07-15,-0.007155087145953726,-0.007155087145953726,100989.84344805559,0.0,0.0
2020-07-16,-0.0256462879769373,-0.0256462879769373,98399.82884024095,0.0,0.0
2020-07-17,0.01606507632149909,0.01606507632149909,99980.62960058187,0.0,0.0
2020-07-20,-0.008445519826617703,-0.008445519826617703,99136.24121101244,0.0,0.0
2020-07-21,-0.010554113803646792,-0.010554113803646792,98089.94603920565,0.0,0.0
2020-07-22,0.03014964549148713,0.03014964549148713,101047.32313856679,0.0,0.0
2020-07-23,0.023514413528707256,0.023514413528707256,103423.39168081596,0.0,0.0
2020-07-24,-0.007439454690807479,-0.007439454690807479,102653.9780444369,0.0,0.0
2020-07-27,0.004890205844953921,0.004890205844953921,103155.97712787759,0.0,0.0
2020-07-28,-0.003831084881695257,-0.004081084881695257,102734.9888291645,0.49999999999999994,0.00024999999999999995
2020-07-29,-0.008190009767931642,-0.008190009767931642,101893.5882671453,0.0,0.0
2020-07-30,-0.01018844479688652,-0.01018844479688652,100855.45106792879,0.0,0.0
2020-07-31,0.006060132755593065,0.006060132755593065,101466.64849052567,0.0,0.0
2020-08-03,0.008871365935825418,0.008871365935825418,102366.79625956691,0.0,0.0
2020-08-04,0.005504689311619367,0.005504689311619367,102930.29366880165,0.0,0.0
2020-08-05,-0.0017106654321824193,-0.0017106654321824193,102754.21437349803,0.0,0.0
2020-08-06,-0.01503648341271054,-0.01503648341271054,101209.15233348482,0.0,0.0
2020-08-07,0.00587131254394635,0.00587131254394635,101803.38289914257,0.0,0.0
2020-08-10,0.0059861537145107216,0.0059861537145107216,102412.79359783404,0.0,0.0
2020-08-11,0.006767811628091368,0.006767811628091368,103105.90409321079,0.0,0.0
2020-08-12,-0.0018752372472044716,-0.0018752372472044716,102912.55606144851,0.0,0.0
2020-08-13,-0.0017460037215212645,-0.0017460037215212645,102732.87035557396,0.0,0.0
2020-08-14,0.004771409980908414,0.004771409980908414,103223.05099855593,0.0,0.0
2020-08-17,-0.004959462356808256,-0.004959462356808256,102711.1201627737,0.0,0.0
2020-08-18,0.006141070808554675,0.006141070808554675,103341.87642451929,0.0,0.0
2020-08-19,0.0018587584920065625,0.0016087584920065625,103508.12854579712,0.49999999999999994,0.00024999999999999995
2020-08-20,0.0017372764849482025,0.0017372764849482025,103687.9507835207,0.0,0.0
2020-08-21,0.004366291912777459,0.004366291912777459,104140.68264447927,0.0,0.0
2020-08-24,0.004425689563647417,0.004425689563647417,104601.57697681006,0.0,0.0
2020-08-25,-0.000769132223607675,-0.001019132223607675,104494.9741390728,0.49999999999999994,0.00024999999999999995
2020-08-26,0.001496276778033841,0.001496276778033841,104651.32754229833,0.0,0.0
2020-08-27,0.010300565138927631,0.010300565138927631,105729.29535852303,0.0,0.0
2020-08-28,0.005938929758396938,0.005938929758396938,106357.21421706211,0.0,0.0
2020-08-31,-0.008166757647283363,-0.008166757647283363,105488.62062451117,0.0,0.0
2020-09-01,-0.005056301914045602,-0.005056301914045602,104955.23831013743,0.0,0.0
2020-09-02,0.0028232664066568654,0.0028232664066568654,105251.5549086611,0.0,0.0
2020-09-03,-0.007269992916411579,-0.007269992916411579,104486.37685003382,0.0,0.0
2020-09-04,-0.00791065075705503,-0.00791065075705503,103659.82161390317,0.0,0.0
2020-09-07,0.008489517843413228,0.008489517843413228,104539.84351913942,0.0,0.0
2020-09-08,-0.011980023927102327,-0.011980023927102327,103287.45369244461,0.0,0.0
2020-09-09,-0.002982308705213506,-0.002982308705213506,102979.41862015829,0.0,0.0
2020-09-10,-0.0011634647605668347,-0.0011634647605668347,102859.60569553007,0.0,0.0
2020-09-11,-0.007226583054230962,-0.007226583054230962,102116.28221204587,0.0,0.0
2020-09-14,0.0031638927169005404,0.0031638927169005404,102439.36717361353,0.0,0.0
2020-09-15,9.484000766069042e-05,9.484000766069042e-05,102449.08252398104,0.0,0.0
2020-09-16,-0.0016699236261988881,-0.0016699236261988881,102278.00038059185,0.0,0.0
2020-09-17,0.0012576918973414473,0.0012576918973414473,102406.63459294681,0.0,0.0
2020-09-18,0.0058988113123810875,0.0058988113123810875,103010.71200754655,0.0,0.0
2020-09-21,0.008734635042659958,0.008734635042659958,103910.47298241702,0.0,0.0
2020-09-22,-0.004172720497590468,-0.004172720497590468,103476.88362188898,0.0,0.0
2020-09-23,-0.0002604401892471278,-0.0002604401892471278,103449.9340827358,0.0,0.0
2020-09-24,-0.006600567483411275,-0.006600567483411275,102767.10581166824,0.0,0.0
2020-09-25,-0.00045725857676948145,-0.00045725857676948145,102720.11467112607,0.0,0.0
2020-09-28,0.009041190636196905,0.009041190636196905,103648.82681003973,0.0,0.0
2020-09-29,-0.002203119611728588,-0.002203119611728588,103420.47604696188,0.0,0.0
2020-09-30,0.010936867456011079,0.010936867456011079,104551.57208572506,0.0,0.0
2020-10-01,0.007669223318587844,0.007669223318587844,105353.4014403599,0.0,0.0
2020-10-02,-0.0036146704685610467,-0.0036146704685610467,104972.58361141097,0.0,0.0
2020-10-05,-0.007315362931164748,-0.007315362931164748,104204.67106447146,0.0,0.0
2020-10-06,0.0100051997360772,0.0100051997360772,105247.25961190373,0.0,0.0
2020-10-07,-0.004036314416863177,-0.004036314416863177,104822.44858059686,0.0,0.0
2020-10-08,-0.002625449189961141,-0.002625449189961141,104547.2425678812,0.0,0.0
2020-10-09,0.002605786893743023,0.002605786893743023,104819.67040234155,0.0,0.0
2020-10-12,-0.0026895309175745856,-0.0026895309175745856,104537.75465802447,0.0,0.0
2020-10-13,0.004415820443814796,0.004415820443814796,104999.37461219386,0.0,0.0
2020-10-14,-0.002739728180016961,-0.002739728180016961,104711.70486668468,0.0,0.0
2020-10-15,-0.00033395007104782427,-0.00033395007104782427,104676.73638540492,0.0,0.0
2020-10-16,0.007736122978472333,0.007736122978472333,105486.52849106753,0.0,0.0
2020-10-19,2.886905555499219e-05,2.886905555499219e-05,105489.57378751884,0.0,0.0
2020-10-20,-0.0024894739428967436,-0.0024894739428967436,105226.96024232752,0.0,0.0
2020-10-21,-0.01132501522935107,-0.01132501522935107,104035.26331504485,0.0,0.0
2020-10-22,-0.00010107818506418132,-0.00010107818506418132,104024.7476194463,0.0,0.0
2020-10-23,-0.002943391906201409,-0.002943391906201409,103718.56201925858,0.0,0.0
2020-10-26,-0.0012921626905724182,-0.0012921626905724182,103584.54076309747,0.0,0.0
2020-10-27,0.0017714377171312483,0.0017714377171312483,103768.03432551693,0.0,0.0
2020-10-28,0.00367371983180124,0.00367371983180124,104149.24901112563,0.0,0.0
2020-10-29,0.004718921424133271,0.004385588090799938,104606.00471725459,0.6666666666666667,0.0003333333333333334
2020-10-30,0.01092903301479431,0.01092903301479431,105749.24719635521,0.0,0.0
2020-11-02,0.01021814641149188,0.01021814641149188,106829.8084871126,0.0,0.0
2020-11-03,-0.00794016626795685,-0.00794016626795685,105981.56204535096,0.0,0.0
2020-11-04,-0.010414918982396881,-0.010414918982396881,104877.77266302076,0.0,0.0
2020-11-05,0.004425308993990296,0.004425308993990296,105341.8892136561,0.0,0.0
2020-11-06,-0.002977175061830095,-0.002977175061830095,105028.26796812312,0.0,0.0
2020-11-09,0.0012718568724610635,0.0012718568724610635,105161.84889254105,0.0,0.0
2020-11-10,0.005100953952086873,0.005100953952086873,105698.2746412582,0.0,0.0
2020-11-11,-0.009237700579746044,-0.009237700579746044,104721.8656283265,0.0,0.0
2020-11-12,0.0030272522653242984,0.0030272522653242984,105038.88513327883,0.0,0.0
2020-11-13,-0.0005857054248062377,-0.0005857054248062377,104977.36328844067,0.0,0.0
2020-11-16,0.003917031457699061,0.003917031457699061,105388.5629227878,0.0,0.0
2020-11-17,0.0008483702361439804,0.0008483702361439804,105477.97144280147,0.0,0.0
2020-11-18,-0.0057056716905361515,-0.0057056716905361515,104876.14876716508,0.0,0.0
2020-11-19,0.0019847137150724725,0.0019847137150724725,105084.29789800728,0.0,0.0
2020-11-20,-0.007253022916766549,-0.007253022916766549,104322.1190771607,0.0,0.0
2020-11-23,0.0025317040409499336,0.0025317040409499336,104586.23180758882,0.0,0.0
2020-11-24,-0.0023099662421408595,-0.0023099662421408595,104344.64114272057,0.0,0.0
2020-11-25,-0.005299934898842895,-0.005299934898842895,103791.62133762104,0.0,0.0
2020-11-26,-0.0025473471552964755,-0.0025473471552964755,103527.22804626304,0.0,0.0
2020-11-27,0.006710767752996505,0.006710767752996505,104221.97522979302,0.0,0.0
2020-11-30,-0.008298104409317109,-0.008298104409317109,103357.13039759094,0.0,0.0
2020-12-01,-0.004557086908812569,-0.004557086908812569,102886.12297172364,0.0,0.0
2020-12-02,-0.006001115501572563,-0.006001115501572563,102268.69146426131,0.0,0.0
2020-12-03,0.013661467033576291,0.013661467033576291,103665.83182126729,0.0,0.0
2020-12-04,0.013781309712042389,0.013781309712042389,105094.48275615269,0.0,0.0
2020-12-07,0.001772129836368097,0.001772129836368097,105280.72382468256,0.0,0.0
2020-12-08,-0.009773145033821207,-0.009773145033821207,104251.80004147827,0.0,0.0
2020-12-09,-0.004713258819437738,-0.004713258819437738,103760.43432549051,0.0,0.0
2020-12-10,0.008310890076253186,0.007810890076253185,104570.89567227123,1.0,0.0005
2020-12-11,-0.003265075145509111,-0.003265075145509111,104229.46383986807,0.0,0.0
2020-12-14,0.0080736221116402,0.0080736221116402,105070.97314381001,0.0,0.0
2020-12-15,-0.0071893268610983,-0.0071893268610983,104315.58357426549,0.0,0.0
2020-12-16,0.0016416432128536496,0.0016416432128536496,104486.83254403506,0.0,0.0
2020-12-17,-0.010179479930866986,-0.010179479930866986,103423.2109291132,0.0,0.0
2020-12-18,0.005389011037821634,0.005389011037821634,103980.55975437714,0.0,0.0
2020-12-21,0.005381064911821998,0.005381064911821998,104540.08589598302,0.0,0.0
2020-12-22,0.0026288709278254885,0.0026288709278254885,104814.90828858735,0.0,0.0
2020-12-23,0.009746559013696698,0.009746559013696698,105836.49297773727,0.0,0.0
2020-12-24,0.005378928593985033,0.004878928593985032,106352.86166961344,1.0,0.0005
2020-12-25,0.005399089571382908,0.005065756238049575,106891.61934205072,0.6666666666666667,0.0003333333333333334
2020-12-28,-0.00044703337206264404,-0.00044703337206264404,106843.835221011,0.0,0.0
2020-12-29,2.8370712519969025e-05,2.8370712519969025e-05,106846.86645674457,0.0,0.0
2020-12-30,-0.010141499494359496,-0.010141499494359496,105763.27901459961,0.0,0.0
2020-12-31,-0.010979648392086167,-0.010979648392086167,104602.03539822518,0.0,0.0
2021-01-01,0.0057457309408927015,0.0057457309408927015,105203.05054949314,0.0,0.0
2021-01-04,0.0017338846791227214,0.0017338846791227214,105385.46050703787,0.0,0.0
2021-01-05,-0.0014187950890955925,-0.002085461755762259,105165.68315953705,1.3333333333333333,0.0006666666666666666
2021-01-06,-0.004907893249323947,-0.004907893249323947,104649.54121309782,0.0,0.0
2021-01-07,-0.00677877122511894,-0.00677877122511894,103940.14591440058,0.0,0.0
2021-01-08,-6.919059932786187e-05,-6.919059932786187e-05,103932.95423341054,0.0,0.0
2021-01-11,-0.0009325664201170758,-0.0009325664201170758,103836.0298503489,0.0,0.0
2021-01-12,0.0016397261518168449,0.0016397261518168449,104006.29250399536,0.0,0.0
2021-01-13,0.003292540727701798,0.003292540727701798,104348.73745800201,0.0,0.0
2021-01-14,0.007906550290900372,0.007906550290900372,105173.77599850566,0.0,0.0
2021-01-15,-0.0026576327153152723,-0.0026576327153152723,104894.2627306188,0.0,0.0
2021-01-18,0.003689097177620948,0.003189097177620948,105228.78072784163,1.0,0.0005
2021-01-19,0.006696564126154714,0.006696564126154714,105933.4520059027,0.0,0.0
2021-01-20,0.012319388123355979,0.012319388123355979,107238.4873164103,0.0,0.0
2021-01-21,0.001573246554019636,0.001573246554019636,107407.19989703913,0.0,0.0
2021-01-22,-0.000336081685693268,-0.000336081685693268,107371.10230424214,0.0,0.0
2021-01-25,0.010351873054145977,0.010351873054145977,108482.59432497935,0.0,0.0
2021-01-26,0.00039602344934247524,0.00039602344934247524,108525.55597617757,0.0,0.0
2021-01-27,-0.00423058182320594,-0.004563915156539273,108030.25454638604,0.6666666666666667,0.0003333333333333334
2021-01-28,-0.006749294794849758,-0.006749294794849758,107301.12651168981,0.0,0.0
2021-01-29,0.0015568258953817526,0.0015568258953817526,107468.17568404686,0.0,0.0
2021-02-01,-0.0029451642610228697,-0.0029451642610228697,107151.66425382487,0.0,0.0
2021-02-02,-0.0008240381259258705,-0.0008240381259258705,107063.36719722331,0.0,0.0
2021-02-03,0.00381305755323665,0.00381305755323665,107471.60597818963,0.0,0.0
2021-02-04,0.00044866407290959176,0.00044866407290959176,107519.82462664993,0.0,0.0
2021-02-05,-0.0033990569366813364,-0.0033990569366813364,107154.35862092195,0.0,0.0
2021-02-08,-0.0033513175891360563,-0.0033513175891360563,106795.25033412308,0.0,0.0
2021-02-09,0.0027765476054845513,0.0027765476054845513,107091.77243071541,0.0,0.0
2021-02-10,0.0031882391333563813,0.0031882391333563813,107433.20661043952,0.0,0.0
2021-02-11,-0.0008426646139737539,-0.0008426646139737539,107342.67644886317,0.0,0.0
2021-02-12,0.008274544805711917,0.008274544805711917,108230.88823470433,0.0,0.0
2021-02-15,0.011876616468704304,0.011876616468704304,109516.30498433512,0.0,0.0
2021-02-16,-0.00014177047497095563,-0.00014177047497095563,109500.77880576042,0.0,0.0
2021-02-17,0.0014050318259274015,0.0014050318259274015,109654.63088494634,0.0,0.0
2021-02-18,0.022881160075112057,0.022881160075112057,112163.65604720211,0.0,0.0
2021-02-19,0.010400836385183077,0.010400836385183077,113330.251882113,0.0,0.0
2021-02-22,0.01981261460010075,0.01981261460010075,115575.62048518566,0.0,0.0
2021-02-23,0.010140253393709015,0.010140253393709015,116747.58656304059,0.0,0.0
2021-02-24,-0.010918814452507345,-0.010918814452507345,115472.84132758071,0.0,0.0
2021-02-25,0.033615214645154115,0.033615214645154115,119354.48567449316,0.0,0.0
2021-02-26,-0.0075944967522457996,-0.0078444967522458,118418.20979925364,0.49999999999999994,0.00024999999999999995
2021-03-01,-0.01818190398454103,-0.01818190398454103,116265.14127866237,0.0,0.0
2021-03-02,-0.026040496756419257,-0.026040496756419257,113237.53924431073,0.0,0.0
2021-03-03,0.011838832121006448,0.011838832121006448,114578.13946122,0.0,0.0
2021-03-04,0.01437557429962813,0.01437557429962813,116225.26601815793,0.0,0.0
2021-03-05,-0.017022407184189847,-0.017022407184189847,114246.83221490606,0.0,0.0
2021-03-08,-0.004879834010442008,-0.004879834010442008,113689.3266374785,0.0,0.0
2021-03-09,0.0009737823492447784,0.0009737823492447784,113800.0352970556,0.0,0.0
2021-03-10,-0.0005586789782437984,-0.0005586789782437984,113736.45760961172,0.0,0.0
2021-03-11,0.0021886912070997466,0.0021886912070997466,113985.39159430859,0.0,0.0
2021-03-12,-0.006441346786564578,-0.006441346786564578,113251.17215844727,0.0,0.0
2021-03-15,-0.0028413381084868017,-0.0028413381084868017,112929.38728716267,0.0,0.0
2021-03-16,0.0024204769966557904,0.0024204769966557904,113202.73027133767,0.0,0.0
2021-03-17,-0.0035716737937838694,-0.0035716737937838694,112798.40704624275,0.0,0.0
2021-03-18,-0.006059948083082689,-0.006059948083082689,112114.85455568809,0.0,0.0
2021-03-19,0.0008361623295786713,0.0008361623295786713,112208.60077365376,0.0,0.0
2021-03-22,0.005889532793884933,0.005889532793884933,112869.4570076661,0.0,0.0
2021-03-23,-0.010148378080710674,-0.010148378080710674,111724.01508418779,0.0,0.0
2021-03-24,0.004017588353487145,0.004017588353487145,112172.87618599486,0.0,0.0
2021-03-25,-0.03284744613710233,-0.03284744613710233,108488.28367743154,0.0,0.0
2021-03-26,-0.02071947610116781,-0.02071947610116781,106240.46327652028,0.0,0.0
2021-03-29,-0.0020413419806128985,-0.0020413419806128985,106023.59015879416,0.0,0.0
2021-03-30,-0.0012777942500916961,-0.0012777942500916961,105888.11382491518,0.0,0.0
2021-03-31,0.015445287929494317,0.015445287929494317,107523.58623125209,0.0,0.0
2021-04-01,0.005147809538658066,0.005147809538658066,108077.09717408405,0.0,0.0
2021-04-02,0.001990806682593179,0.001740806682593179,108265.23850707996,0.49999999999999994,0.00024999999999999995
2021-04-05,-0.009470299963381612,-0.009803633296714945,107203.84580997517,0.6666666666666667,0.0003333333333333334
2021-04-06,0.007900432379006062,0.007900432379006062,108050.8025445663,0.0,0.0
2021-04-07,0.012860784057902919,0.012860784057902919,109440.42058337506,0.0,0.0
2021-04-08,-0.027460031567841048,-0.027460031567841048,106435.18317935779,0.0,0.0
2021-04-09,0.0016495492519930837,0.0013162159186597502,106575.27486176393,0.6666666666666667,0.0003333333333333334
2021-04-12,0.004728766850038202,0.004728766850038202,107079.24448856394,0.0,0.0
2021-04-13,0.003249890618795659,0.003249890618795659,107427.24032069505,0.0,0.0
2021-04-14,-0.04883922908206868,-0.04883922908206868,102180.5767210182,0.0,0.0
2021-04-15,-0.0007619845451079339,-0.0007619845451079339,102102.71670074656,0.0,0.0
2021-04-16,-0.012652201762854271,-0.012652201762854271,100810.89252851317,0.0,0.0
2021-04-19,0.007170749413143662,0.006837416079810329,101500.17854610765,0.6666666666666667,0.0003333333333333334
2021-04-20,-0.011097208987566776,-0.011097208987566776,100373.80985250615,0.0,0.0
2021-04-21,-0.008177670767564593,-0.008677670767564594,99502.79897691996,1.0,0.0005
2021-04-22,0.004380211895145036,0.004380211895145036,99938.6423205989,0.0,0.0
2021-04-23,0.000928898203930606,0.000928898203930606,100031.47514595377,0.0,0.0
2021-04-26,0.003039140324600842,0.003039140324600842,100335.48483579914,0.0,0.0
2021-04-27,-0.0007954842280604169,-0.0007954842280604169,100255.66954009749,0.0,0.0
2021-04-28,-0.0007314116129617521,-0.0007314116129617521,100182.34137913061,0.0,0.0
2021-04-29,-0.013611192427349206,-0.013611192427349206,98818.74025279687,0.0,0.0
2021-04-30,0.04007524430456688,0.04007524430456688,102778.92541029723,0.0,0.0
2021-05-03,-0.01070744391601075,-0.01070744391601075,101678.42583071862,0.0,0.0
2021-05-04,-0.04434807820581532,-0.04434807820581532,97169.18305013372,0.0,0.0
2021-05-05,-0.006869016446707121,-0.006869016446707121,96501.72633364926,0.0,0.0
2021-05-06,0.017605413760054756,0.017605413760054756,98200.67915431273,0.0,0.0
2021-05-07,0.008260098946340388,0.008260098946340388,99011.82648072518,0.0,0.0
2021-05-10,0.00010748639075508493,0.00010748639075508493,99022.46890459566,0.0,0.0
2021-05-11,0.004414342880125766,0.004414342880125766,99459.58803517713,0.0,0.0
2021-05-12,-0.02101404174431709,-0.02101404174431709,97369.54010033334,0.0,0.0
2021-05-13,0.014921015775257507,0.014921015775257507,98822.39254419997,0.0,0.0
2021-05-14,0.004441850104913492,0.004441850104913492,99261.34679889024,0.0,0.0
2021-05-17,0.004550314587494109,0.004550314587494109,99713.01715320355,0.0,0.0
2021-05-18,-0.009160744803852205,-0.009160744803852205,98799.57164944091,0.0,0.0
2021-05-19,0.0055740458724578,0.0055740458724578,99350.28499399408,0.0,0.0
2021-05-20,-0.006795235489571394,-0.006795235489571394,98675.17641150385,0.0,0.0
2021-05-21,0.004183090931756839,0.004183090931756839,99087.94364714032,0.0,0.0
2021-05-24,0.005938591767580048,0.005938591767580048,99676.38649354967,0.0,0.0
2021-05-25,0.0002030390215879141,0.0002030390215879141,99696.62468953873,0.0,0.0
2021-05-26,0.010229907137348615,0.010229907137348615,100716.5119020198,0.0,0.0
2021-05-27,0.010280675551130214,0.010280675551130214,101751.945683526,0.0,0.0
2021-05-28,0.009505986260464727,0.009505986260464727,102719.19828116916,0.0,0.0
2021-05-31,-0.000216467233962514,-0.000216467233962514,102696.96294044239,0.0,0.0
2021-06-01,0.0017540894220180459,0.0017540894220180459,102877.1025968096,0.0,0.0
2021-06-02,-0.00010750480058341338,-0.00010750480058341338,102866.04281441034,0.0,0.0
2021-06-03,-0.0027817317680400855,-0.0027817317680400855,102579.89707526092,0.0,0.0
2021-06-04,-0.002621212054146671,-0.002621212054146671,102311.01341253413,0.0,0.0
2021-06-07,0.021527862165315215,0.021527862165315215,104513.55080727287,0.0,0.0
2021-06-08,-0.016062773108179718,-0.016062773108179718,102834.77335392544,0.0,0.0
2021-06-09,0.021636800535417722,0.021636800535417722,105059.78883308922,0.0,0.0
2021-06-10,-0.003634605935789681,-0.003634605935789681,104677.93790098366,0.0,0.0
2021-06-11,-0.042117059993795225,-0.042117059993795225,100269.21091038115,0.0,0.0
2021-06-14,-0.024024405169750795,-0.024024405169750795,97860.30276141895,0.0,0.0
2021-06-15,-0.035462157316854426,-0.035462157316854426,94389.96530981851,0.0,0.0
2021-06-16,-0.0208301776855091,-0.0208301776855091,92423.80556068594,0.0,0.0
2021-06-17,-0.00576167639141778,-0.00576167639141778,91891.28950218196,0.0,0.0
2021-06-18,0.0031864778613142075,0.0031864778613142075,92184.09906182827,0.0,0.0
2021-06-21,0.00788198150159114,0.00788198150159114,92910.69242537444,0.0,0.0
2021-06-22,-0.005413339339686574,-0.005413339339686574,92407.73531899064,0.0,0.0
2021-06-23,0.0,-0.0005,92361.53145133116,1.0,0.0005
2021-06-24,0.0,0.0,92361.53145133116,0.0,0.0
2021-06-25,0.0,0.0,92361.53145133116,0.0,0.0
2021-06-28,0.0,0.0,92361.53145133116,0.0,0.0
2021-06-29,0.0,0.0,92361.53145133116,0.0,0.0
2021-06-30,0.0,0.0,92361.53145133116,0.0,0.0
2021-07-01,0.0,0.0,92361.53145133116,0.0,0.0
2021-07-02,0.0,0.0,92361.53145133116,0.0,0.0
2021-07-05,0.0,0.0,92361.53145133116,0.0,0.0
2021-07-06,0.0,0.0,92361.53145133116,0.0,0.0
2021-07-07,0.0,0.0,92361.53145133116,0.0,0.0
2021-07-08,0.0,0.0,92361.53145133116,0.0,0.0
2021-07-09,0.0,0.0,92361.53145133116,0.0,0.0
2021-07-12,0.0,0.0,92361.53145133116,0.0,0.0
2021-07-13,0.0,0.0,92361.53145133116,0.0,0.0
2021-07-14,0.0,0.0,92361.53145133116,0.0,0.0
2021-07-15,0.0,0.0,92361.53145133116,0.0,0.0
2021-07-16,0.0,0.0,92361.53145133116,0.0,0.0
2021-07-19,0.0,0.0,92361.53145133116,0.0,0.0
2021-07-20,0.0,0.0,92361.53145133116,0.0,0.0
2021-07-21,0.0,0.0,92361.53145133116,0.0,0.0
2021-07-22,0.0,0.0,92361.53145133116,0.0,0.0
2021-07-23,0.0,0.0,92361.53145133116,0.0,0.0
2021-07-26,0.0,0.0,92361.53145133116,0.0,0.0
2021-07-27,0.0,0.0,92361.53145133116,0.0,0.0
2021-07-28,0.0,0.0,92361.53145133116,0.0,0.0
2021-07-29,0.0,0.0,92361.53145133116,0.0,0.0
2021-07-30,0.0,0.0,92361.53145133116,0.0,0.0
2021-08-02,-0.009053617791572655,-0.009553617791572655,91479.14468120082,1.0,0.0005
2021-08-03,0.002122882746034671,0.002122882746034671,91673.34417906655,0.0,0.0
2021-08-04,0.006399212549120126,0.006399212549120126,92259.98139355704,0.0,0.0
2021-08-05,0.011885045845629882,0.011385045845629882,93310.36551143965,1.0,0.0005
2021-08-06,-0.005429164209179438,-0.005429164209179438,92803.76821465949,0.0,0.0
2021-08-09,0.005431923569907404,0.005431923569907404,93307.87119060093,0.0,0.0
2021-08-10,0.0011263290922620683,0.0011263290922620683,93412.96656045994,0.0,0.0
2021-08-11,0.006626358290318324,0.006626358290318324,94031.95434585107,0.0,0.0
2021-08-12,-0.005158548710714028,-0.005158548710714028,93546.88592899438,0.0,0.0
2021-08-13,0.011506260961922976,0.011506260961922976,94623.26081066862,0.0,0.0
2021-08-16,0.004217400493013668,0.004217400493013668,95022.32499746208,0.0,0.0
2021-08-17,-0.0015674901206241818,-0.001900823453957515,94841.70433345734,0.6666666666666667,0.0003333333333333334
2021-08-18,0.007364425623162047,0.007364425623162047,95540.15901099499,0.0,0.0
2021-08-19,0.001578453399913212,0.001578453399913212,95690.96469981415,0.0,0.0
2021-08-20,-0.00017474695350546288,-0.00017474695350546288,95674.24299525486,0.0,0.0
2021-08-23,0.0014463806064061537,0.0014463806064061537,95812.62436485579,0.0,0.0
2021-08-24,0.011228329479993599,0.011228329479993599,96888.44007956726,0.0,0.0
2021-08-25,0.002974796642801758,0.002974796642801758,97176.66348584225,0.0,0.0
2021-08-26,0.004829416371966358,0.004829416371966358,97645.97005545384,0.0,0.0
2021-08-27,-0.0010100571277888624,-0.0010100571277888624,97547.34204739948,0.0,0.0
2021-08-30,0.008855045547280374,0.008855045547280374,98411.12820424535,0.0,0.0
2021-08-31,0.007797943791193843,0.007797943791193843,99178.53265041004,0.0,0.0
2021-09-01,0.004658064754856195,0.004658064754856195,99640.51267778726,0.0,0.0
2021-09-02,0.008816179850495468,0.008816179850495468,100518.96135795022,0.0,0.0
2021-09-03,0.00636756309344492,0.00636756309344492,101159.02218648454,0.0,0.0
2021-09-06,-0.0015406948734334827,-0.0015406948734334827,101003.16699960027,0.0,0.0
2021-09-07,-0.006219666164259025,-0.006219666164259025,100374.96101932986,0.0,0.0
2021-09-08,-0.006820743338674736,-0.006820743338674736,99690.32917258752,0.0,0.0
2021-09-09,0.0010192473105575068,0.0010192473105575068,99791.93827248528,0.0,0.0
2021-09-10,-0.0048920799432009,-0.0051420799432009,99278.80014820118,0.49999999999999994,0.00024999999999999995
2021-09-13,-0.00379553695843185,-0.00379553695843185,98901.9837930499,0.0,0.0
2021-09-14,-0.0033607873110675923,-0.0033607873110675923,98569.59526087882,0.0,0.0
2021-09-15,0.002345270450260978,0.002345270450260978,98800.76761993833,0.0,0.0
2021-09-16,0.008082598064040658,0.008082598064040658,99599.33451302898,0.0,0.0
2021-09-17,-0.002439374392564697,-0.002439374392564697,99356.3744469014,0.0,0.0
2021-09-20,-0.004828098576975887,-0.004828098576975887,98876.67207682083,0.0,0.0
2021-09-21,0.0005250427378346578,0.0005250427378346578,98928.58655543604,0.0,0.0
2021-09-22,0.006800725015835535,0.006800725015835535,99601.37266880485,0.0,0.0
2021-09-23,0.0022950893231595826,0.0022950893231595826,99829.96671578907,0.0,0.0
2021-09-24,-0.0022115079682797356,-0.0022115079682797356,99609.191948924,0.0,0.0
2021-09-27,-0.0008799954280217515,-0.0008799954280217515,99521.53631542,0.0,0.0
2021-09-28,-0.0056901611476872505,-0.0056901611476872505,98955.24273611985,0.0,0.0
2021-09-29,0.003927616449066862,0.003927616449066862,99343.90097521165,0.0,0.0
2021-09-30,0.003056114190896464,0.003056114190896464,99647.50728076101,0.0,0.0
2021-10-01,-0.01003443618097552,-0.01003443618097552,98647.60072835891,0.0,0.0
2021-10-04,-0.0002872191570977012,-0.0002872191570977012,98619.267247628,0.0,0.0
2021-10-05,0.0015534561357745391,0.0015534561357745391,98772.46795343942,0.0,0.0
2021-10-06,0.00046880336906893194,0.00046880336906893194,98818.77281918724,0.0,0.0
2021-10-07,-0.006651388867343344,-0.006651388867343344,98161.49073377317,0.0,0.0
2021-10-08,-2.3869353012934136e-05,-2.3869353012934136e-05,98159.14768249857,0.0,0.0
2021-10-11,-0.00024008695127664126,-0.00024008695127664126,98135.58095199156,0.0,0.0
2021-10-12,0.004450100824267944,0.004450100824267944,98572.29418167603,0.0,0.0
2021-10-13,-0.007609853414411338,-0.007609853414411338,97822.17347223124,0.0,0.0
2021-10-14,-0.003916622373590195,-0.003916622373590195,97439.04095897668,0.0,0.0
2021-10-15,-0.002042471596514578,-0.002042471596514578,97240.02448542634,0.0,0.0
2021-10-18,0.007112090912651581,0.007112090912651581,97931.60437991517,0.0,0.0
2021-10-19,-0.004130809532988944,-0.004130809532988944,97527.06757496171,0.0,0.0
2021-10-20,0.004457770813132839,0.004457770813132839,97961.82089028781,0.0,0.0
2021-10-21,6.689414812463546e-05,6.689414812463546e-05,97968.37396284498,0.0,0.0
2021-10-22,0.0050163669466254945,0.0050163669466254945,98459.81927580685,0.0,0.0
2021-10-25,0.004159226947802519,0.004159226947802519,98869.33600941456,0.0,0.0
2021-10-26,-0.0002730280892813408,-0.0002730280892813408,98842.3419035154,0.0,0.0
2021-10-27,0.005075606721854448,0.005075606721854448,99344.02675848472,0.0,0.0
2021-10-28,0.004587472946459087,0.004587472946459087,99799.76479363156,0.0,0.0
2021-10-29,-0.0013924205811141621,-0.0013924205811141621,99660.80154714255,0.0,0.0
2021-11-01,0.0023428727156593054,0.0023428727156593054,99894.2941199081,0.0,0.0
2021-11-02,0.005103613087203113,0.005103613087203113,100404.11594671536,0.0,0.0
2021-11-03,0.0026013011702238353,0.0026013011702238353,100665.29729102283,0.0,0.0
2021-11-04,-0.0032815750523355613,-0.0032815750523355613,100334.95656279665,0.0,0.0
2021-11-05,-0.005129488463684662,-0.005129488463684662,99820.28956060349,0.0,0.0
2021-11-08,0.002565498710655506,0.002565498710655506,100076.37838476848,0.0,0.0
2021-11-09,-0.01842030329913738,-0.01842030329913738,98232.94114184182,0.0,0.0
2021-11-10,0.005018882700244948,0.005018882700244948,98725.96075073277,0.0,0.0
2021-11-11,0.019803562911181627,0.019803562911181627,100681.08652542677,0.0,0.0
2021-11-12,-0.009021029789889362,-0.009021029789889362,99772.83944460246,0.0,0.0
2021-11-15,-0.004057292974051552,-0.004057292974051552,99368.03180412271,0.0,0.0
2021-11-16,-0.022980157617925517,-0.022980157617925517,97084.53877108094,0.0,0.0
2021-11-17,0.0009541954430691557,0.0009541954430691557,97177.17639556878,0.0,0.0
2021-11-18,-0.0027408701588140516,-0.0027408701588140516,96910.82637266835,0.0,0.0
2021-11-19,-0.008716392355748781,-0.008716392355748781,96066.11358648432,0.0,0.0
2021-11-22,0.0005546329073184697,0.0005546329073184697,96119.3950143576,0.0,0.0
2021-11-23,-0.0067463368899399745,-0.006996336889939975,95446.91134517993,0.49999999999999994,0.00024999999999999995
2021-11-24,-0.018974033775287114,-0.01930736710862045,93604.08278845459,0.6666666666666667,0.0003333333333333334
2021-11-25,-0.0031336013043107847,-0.0031336013043107847,93310.76491253986,0.0,0.0
2021-11-26,-0.0034066917874543967,-0.0034066917874543967,92992.88389603121,0.0,0.0
2021-11-29,0.005075615524019694,0.005075615524019694,93464.88002115728,0.0,0.0
2021-11-30,0.008006613907548199,0.008006613907548199,94213.21722940201,0.0,0.0
2021-12-01,0.0009653269549290133,0.0004653269549290133,94257.05717888943,1.0,0.0005
2021-12-02,-0.008553424963565925,-0.008553424963565925,93450.83651302326,0.0,0.0
2021-12-03,0.00818204181496629,0.00818204181496629,94215.45516501639,0.0,0.0
2021-12-06,0.004749049797405869,0.004749049797405869,94662.88905328032,0.0,0.0
2021-12-07,-0.016924150747615108,-0.016924150747615108,93060.80004873783,0.0,0.0
2021-12-08,-0.0032234532669850324,-0.0032234532669850324,92760.8229087925,0.0,0.0
2021-12-09,0.0024661775218284276,0.0024661775218284276,92989.58756515646,0.0,0.0
2021-12-10,-0.004243996183450838,-0.004243996183450838,92594.94011042926,0.0,0.0
2021-12-13,0.006037402364042599,0.006037402364042599,93153.97302075036,0.0,0.0
2021-12-14,-0.016535660823945753,-0.016535660823945753,91613.61051847624,0.0,0.0
2021-12-15,-0.0028271620656415974,-0.0028271620656415974,91354.60399412194,0.0,0.0
2021-12-16,-0.00887903567917292,-0.00887903567917292,90543.46320580142,0.0,0.0
2021-12-17,0.00911230783811634,0.00911230783811634,91368.52311526185,0.0,0.0
2021-12-20,-0.006722990334149914,-0.006722990334149914,90754.25341751239,0.0,0.0
2021-12-21,0.001853492220548425,0.001853492220548425,90922.46572020343,0.0,0.0
2021-12-22,-0.006407462859414403,-0.006407462859414403,90339.88339801485,0.0,0.0
2021-12-23,0.009122110448694265,0.009122110448694265,91163.97379229369,0.0,0.0
2021-12-24,-0.0019355490995941471,-0.0019355490995941471,90987.52144490459,0.0,0.0
2021-12-27,0.003442277440338426,0.003442277440338426,91300.7257373267,0.0,0.0
2021-12-28,-0.004612683602473133,-0.004612683602473133,90879.58437682423,0.0,0.0
2021-12-29,0.0028129849837847942,0.0028129849837847942,91135.22728300885,0.0,0.0
2021-12-30,-0.005368733024748051,-0.005368733024748051,90645.94657857664,0.0,0.0
2021-12-31,-0.006881806372965871,-0.006881806372965871,90022.13872572867,0.0,0.0
2022-01-03,0.002606188339425053,0.002606188339425053,90256.75337396577,0.0,0.0
2022-01-04,0.005405921137748848,0.005405921137748848,90744.67426485468,0.0,0.0
2022-01-05,0.0034923776499518056,0.0034923776499518056,91061.58893710941,0.0,0.0
2022-01-06,0.005009074603406383,0.005009074603406383,91517.72322960012,0.0,0.0
2022-01-07,-0.002474197006074319,-0.002474197006074319,91291.2903527827,0.0,0.0
2022-01-10,-0.0023706823532794186,-0.0023706823532794186,91074.86770173525,0.0,0.0
2022-01-11,-0.002788356948179027,-0.002788356948179027,90820.91846157462,0.0,0.0
2022-01-12,0.0017040018006899693,0.0017040018006899693,90975.67747017345,0.0,0.0
2022-01-13,0.005122391763238809,0.005122391763238809,91441.69053110173,0.0,0.0
2022-01-14,0.007382567485609393,0.007382567485609393,92116.7649824458,0.0,0.0
2022-01-17,-0.004596131131484382,-0.004596131131484382,91693.38425117836,0.0,0.0
2022-01-18,-0.009583520427639325,-0.009583520427639325,90814.6388301278,0.0,0.0
2022-01-19,-0.0025812511710381347,-0.0025812511710381347,90580.22343730013,0.0,0.0
2022-01-20,0.0033030855942126625,0.0033030855942126625,90879.41766845644,0.0,0.0
2022-01-21,-0.0065699242910240985,-0.0065699242910240985,90282.34677476232,0.0,0.0
2022-01-24,-0.006850794076198263,-0.006850794076198263,89663.8410082925,0.0,0.0
2022-01-25,-0.004271426442147175,-0.004271426442147175,89280.8485069052,0.0,0.0
2022-01-26,0.0010540136138572631,0.0010540136138572631,89374.9517366882,0.0,0.0
2022-01-27,-0.0014581705078976492,-0.0014581705078976492,89244.62781792099,0.0,0.0
2022-01-28,-0.005321108144514475,-0.005321108144514475,88769.74750198488,0.0,0.0
2022-01-31,0.0,-0.0005,88725.3626282339,1.0,0.0005
2022-02-01,0.0,0.0,88725.3626282339,0.0,0.0
2022-02-02,0.0,0.0,88725.3626282339,0.0,0.0
2022-02-03,0.0,0.0,88725.3626282339,0.0,0.0
2022-02-04,0.0,0.0,88725.3626282339,0.0,0.0
2022-02-07,0.0,0.0,88725.3626282339,0.0,0.0
2022-02-08,0.0,0.0,88725.3626282339,0.0,0.0
2022-02-09,0.0,0.0,88725.3626282339,0.0,0.0
2022-02-10,0.0,0.0,88725.3626282339,0.0,0.0
2022-02-11,0.0,0.0,88725.3626282339,0.0,0.0
2022-02-14,0.0,0.0,88725.3626282339,0.0,0.0
2022-02-15,0.0,0.0,88725.3626282339,0.0,0.0
2022-02-16,0.0,0.0,88725.3626282339,0.0,0.0
2022-02-17,0.0,0.0,88725.3626282339,0.0,0.0
2022-02-18,-0.005430506113760836,-0.005930506113760836,88199.17632272151,1.0,0.0005
2022-02-21,0.005364144248400704,0.005364144248400704,88672.2894271067,0.0,0.0
2022-02-22,0.009689696573727868,0.009689696573727868,89531.49700615315,0.0,0.0
2022-02-23,0.004024492030670679,0.004024492030670679,89891.81580234843,0.0,0.0
2022-02-24,0.012350678090873313,0.012350678090873313,91002.04068232731,0.0,0.0
2022-02-25,0.0023124478887628364,0.0023124478887628364,91212.47815917627,0.0,0.0
2022-02-28,0.0012858584620947244,0.0012858584620947244,91329.76449606588,0.0,0.0
2022-03-01,0.002775667048850572,0.002775667048850572,91583.2655139569,0.0,0.0
2022-03-02,-0.00839021160788811,-0.00839021160788811,90814.86253655338,0.0,0.0
2022-03-03,-0.0015719347978446763,-0.0015719347978446763,90672.1074939707,0.0,0.0
2022-03-04,-0.00571999280435459,-0.0062199928043545905,90108.12763780254,1.0,0.0005
2022-03-07,0.004922440149296825,0.004922440149296825,90551.67950306482,0.0,0.0
2022-03-08,-0.006379731490397722,-0.006379731490397722,89973.98410183072,0.0,0.0
2022-03-09,-0.0008138557279563918,-0.0008138557279563918,89900.75825950239,0.0,0.0
2022-03-10,-0.008136608264553702,-0.008136608264553702,89169.27100685846,0.0,0.0
2022-03-11,-0.002277279451948999,-0.002277279451948999,88966.20765824927,0.0,0.0
2022-03-14,0.007973638342107181,0.007973638342107181,89675.59202278496,0.0,0.0
2022-03-15,-0.006385118692264491,-0.006385118692264491,89103.00272392038,0.0,0.0
2022-03-16,0.000665496075394012,0.000665496075394012,89162.30042253896,0.0,0.0
2022-03-17,-0.004208486496296848,-0.004208486496296848,88787.06208523196,0.0,0.0
2022-03-18,-0.0019550131492778178,-0.0019550131492778178,88613.48221136957,0.0,0.0
2022-03-21,-0.004318953954810578,-0.004318953954810578,88230.76466192324,0.0,0.0
2022-03-22,-0.005961662330562778,-0.005961662330562778,87704.76263584151,0.0,0.0
2022-03-23,-0.0006389166306409733,-0.0006389166306409733,87648.72660440706,0.0,0.0
2022-03-24,0.005508422113625788,0.005508422113625788,88131.5327882659,0.0,0.0
2022-03-25,-0.003193994374018405,-0.003193994374018405,87850.04116836656,0.0,0.0
2022-03-28,0.006297333726352883,0.006297333726352883,88403.2621954776,0.0,0.0
2022-03-29,0.003361272118091563,0.003361272118091563,88700.40961584359,0.0,0.0
2022-03-30,-0.006343032690285577,-0.006343032690285577,88137.78001800858,0.0,0.0
2022-03-31,0.006332493650908266,0.006332493650908266,88695.91195037775,0.0,0.0
2022-04-01,-0.0037565764219976705,-0.0037565764219976705,88362.71897881739,0.0,0.0
2022-04-04,-0.01890862222693218,-0.01890862222693218,86691.90170670235,0.0,0.0
2022-04-05,0.024974549545043967,0.024474549545043967,88813.64695017712,1.0,0.0005
2022-04-06,-0.006199822540196909,-0.006199822540196909,88263.01809993833,0.0,0.0
2022-04-07,0.01780059754527019,0.01780059754527019,89834.15256326624,0.0,0.0
2022-04-08,-0.012960040165384323,-0.012960040165384323,88669.89833782303,0.0,0.0
2022-04-11,0.021157189688560063,0.021157189688560063,90545.90419662169,0.0,0.0
2022-04-12,0.010015102140638277,0.010015102140638277,91452.7306755673,0.0,0.0
2022-04-13,-0.04431327617385494,-0.04481327617385494,87354.43419894994,1.0,0.0005
2022-04-14,0.004908695045259481,0.004908695045259481,87783.23047728377,0.0,0.0
2022-04-15,0.013172047735849679,0.013172047735849679,88939.51537953765,0.0,0.0
2022-04-18,-0.0030946544608400073,-0.0030946544608400073,88664.27831152342,0.0,0.0
2022-04-19,-0.003055371413814456,-0.003055371413814456,88393.3760101439,0.0,0.0
2022-04-20,0.007895256895078195,0.007895256895078195,89091.26442156722,0.0,0.0
2022-04-21,0.002725638503625838,0.002725638503625838,89334.09500221135,0.0,0.0
2022-04-22,-0.0022460254713724814,-0.0022460254713724814,89133.44834937438,0.0,0.0
2022-04-25,0.0014986992791704568,0.0014986992791704568,89267.03258416556,0.0,0.0
2022-04-26,-0.0010293345370887552,-0.0010293345370887552,89175.14694450324,0.0,0.0
2022-04-27,0.01287270479913305,0.01287270479913305,90323.07228653916,0.0,0.0
2022-04-28,-0.0006899250096110698,-0.0006899250096110698,90260.75614002376,0.0,0.0
2022-04-29,-0.009410919223317216,-0.009410919223317216,89411.31945495446,0.0,0.0
2022-05-02,0.0024662596169424122,0.0024662596169424122,89631.83098142376,0.0,0.0
2022-05-03,-0.006862495912234534,-0.006862495912234534,89016.73290770764,0.0,0.0
2022-05-04,0.0027319348041669467,0.0027319348041669467,89259.92081849145,0.0,0.0
2022-05-05,-0.013722619369754052,-0.013722619369754052,88035.0409001249,0.0,0.0
2022-05-06,0.005597872887291189,0.005597872887291189,88527.84986871129,0.0,0.0
2022-05-09,0.00453742999903467,0.00453742999903467,88929.53879045561,0.0,0.0
2022-05-10,4.9375459008238476e-05,4.9375459008238476e-05,88933.92972725278,0.0,0.0
2022-05-11,-0.0032043157057808913,-0.0032043157057808913,88648.95733945094,0.0,0.0
2022-05-12,0.0058608612593900045,0.0058608612593900045,89168.51657920705,0.0,0.0
2022-05-13,0.0019048497594462699,0.0019048497594462699,89338.36920656313,0.0,0.0
2022-05-16,0.006742005653742389,0.006742005653742389,89940.6889968499,0.0,0.0
2022-05-17,-0.0003996541861259195,-0.0003996541861259195,89904.74382398927,0.0,0.0
2022-05-18,0.00015072838846946768,0.00015072838846946768,89918.29502114162,0.0,0.0
2022-05-19,-0.0009092787719895412,-0.0009092787719895412,89836.5342242654,0.0,0.0
2022-05-20,-0.0017093139282317593,-0.0017093139282317593,89682.97538505179,0.0,0.0
2022-05-23,-0.0008498908938542327,-0.0008498908938542327,89606.75464093828,0.0,0.0
2022-05-24,0.006035193913605408,0.006035193913605408,90147.5487811652,0.0,0.0
2022-05-25,0.006596817330367655,0.006596817330367655,90742.23569325496,0.0,0.0
2022-05-26,-0.008867787187528897,-0.008867787187528897,89937.55285820659,0.0,0.0
2022-05-27,0.006705816936084408,0.006705816936084408,90540.65762335311,0.0,0.0
2022-05-30,0.00548747680734335,0.00548747680734335,91037.49738218289,0.0,0.0
2022-05-31,-0.0047641936323833955,-0.0047641936323833955,90603.77711684656,0.0,0.0
2022-06-01,-0.003906386335140677,-0.003906386335140677,90249.84376000518,0.0,0.0
2022-06-02,0.001545533820449363,0.001545533820449363,90389.32794582653,0.0,0.0
2022-06-03,0.0003861414218750414,0.0003861414218750414,90424.23100944186,0.0,0.0
2022-06-06,-0.0019571779532565614,-0.0019571779532565614,90247.25469807001,0.0,0.0
2022-06-07,-0.00416251104305243,-0.00416251104305243,89871.59950378412,0.0,0.0
2022-06-08,-0.00048481328079369446,-0.00048481328079369446,89828.02855877852,0.0,0.0
2022-06-09,-0.008872728097442384,-0.008872728097442384,89031.0088858472,0.0,0.0
2022-06-10,-0.006630696793068547,-0.006630696793068547,88440.67126074416,0.0,0.0
2022-06-13,-0.003616622341500786,-0.003616622341500786,88120.8147531652,0.0,0.0
2022-06-14,0.00880688162095633,0.00880688162095633,88896.88433703856,0.0,0.0
2022-06-15,-0.0064657746503574325,-0.0067991079836907655,88292.46482101736,0.6666666666666667,0.0003333333333333334
2022-06-16,0.001907560201469279,0.001907560201469279,88460.88801299957,0.0,0.0
2022-06-17,0.0015695303845085031,0.0015695303845085031,88599.73006457658,0.0,0.0
2022-06-20,6.661864850210364e-06,6.661864850210364e-06,88600.32030400404,0.0,0.0
2022-06-21,0.004851799818602917,0.004851799818602917,89030.19132198315,0.0,0.0
2022-06-22,0.0012447369881744734,0.0012447369881744734,89141.01049418587,0.0,0.0
2022-06-23,0.006957233502460432,0.006957233502460432,89761.1853188392,0.0,0.0
2022-06-24,0.0013615138757547087,0.0013615138757547087,89883.396418155,0.0,0.0
2022-06-27,0.0012659637521534504,0.0012659637521534504,89997.18553994082,0.0,0.0
2022-06-28,0.014949292780951065,0.014949292780951065,91342.57981603897,0.0,0.0
2022-06-29,-0.0020153714803185317,-0.0020153714803185317,91158.49058573901,0.0,0.0
2022-06-30,0.001623859671701533,0.001623859671701533,91306.51918233438,0.0,0.0
2022-07-01,-0.006638340588944414,-0.006638340588944414,90700.39541001106,0.0,0.0
2022-07-04,0.0016332758022008136,0.0016332758022008136,90848.53417108428,0.0,0.0
2022-07-05,0.00931299083339924,0.00931299083339924,91694.60573704736,0.0,0.0
2022-07-06,0.001815815669401477,0.001815815669401477,91861.10623894427,0.0,0.0
2022-07-07,0.014487855202554318,0.014487855202554318,93191.97664488055,0.0,0.0
2022-07-08,-0.009780753653118812,-0.009780753653118812,92280.48887886977,0.0,0.0
2022-07-11,0.00925476257153764,0.00925476257153764,93134.52289342912,0.0,0.0
2022-07-12,0.004493040790301809,0.004493040790301809,93552.98010377461,0.0,0.0
2022-07-13,0.0011712499518177581,0.0011712499518177581,93662.55402721357,0.0,0.0
2022-07-14,0.006869869833553496,0.006869869833553496,94306.00358165868,0.0,0.0
2022-07-15,-0.00012862846064320976,-0.00012862846064320976,94293.87314558856,0.0,0.0
2022-07-18,0.0011963411920384117,0.0011963411920384117,94406.68079018946,0.0,0.0
2022-07-19,0.009165771603193058,0.009165771603193058,95271.99086412789,0.0,0.0
2022-07-20,0.012805203963313527,0.012805203963313527,96491.96813913398,0.0,0.0
2022-07-21,-0.0014463713689952804,-0.0014463713689952804,96352.40491907953,0.0,0.0
2022-07-22,0.0016282731038626264,0.0013782731038626264,96485.204847272,0.49999999999999994,0.00024999999999999995
2022-07-25,0.00026733247126062287,0.00026733247126062287,96510.9984755239,0.0,0.0
2022-07-26,0.004108464015407209,0.004108464015407209,96907.51043985161,0.0,0.0
2022-07-27,-0.003493347868652602,-0.003493347868652602,96568.97879480012,0.0,0.0
2022-07-28,0.0010137460296643364,0.0010137460296643364,96666.8752136421,0.0,0.0
2022-07-29,-0.011485077614890649,-0.011485077614890649,95556.64864902447,0.0,0.0
2022-08-01,0.0005371539966039229,0.0005371539966039229,95607.97728474837,0.0,0.0
2022-08-02,-0.007421815396065318,-0.007421815396065318,94898.39252694976,0.0,0.0
2022-08-03,0.0031802051931327235,0.0031802051931327235,95200.18888768391,0.0,0.0
2022-08-04,0.0036534527337753475,0.0036534527337753475,95547.99827803155,0.0,0.0
2022-08-05,0.008589297793298978,0.008589297793298978,96368.68848879519,0.0,0.0
2022-08-08,-0.0010947644477161955,-0.0010947644477161955,96263.18747476462,0.0,0.0
2022-08-09,0.006853510786575284,0.006853510786575284,96922.92826847304,0.0,0.0
2022-08-10,0.0025424198514302776,0.0025424198514302776,97169.34704536156,0.0,0.0
2022-08-11,-7.144181028725938e-05,-7.144181028725938e-05,97162.40509130422,0.0,0.0
2022-08-12,5.563009812467601e-05,5.563009812467601e-05,97167.81024543347,0.0,0.0
2022-08-15,0.0024151880105445778,0.0024151880105445778,97402.48877574911,0.0,0.0
2022-08-16,-0.00013464087572123695,-0.00013464087572123695,97389.37441936292,0.0,0.0
2022-08-17,-0.003256598095127572,-0.003256598095127572,97072.21636814316,0.0,0.0
2022-08-18,-0.007197283741548849,-0.007197283741548849,96373.5600835206,0.0,0.0
2022-08-19,0.001605203287533774,0.001605203287533774,96528.259238998,0.0,0.0
2022-08-22,-0.0028987079412767514,-0.0028987079412767514,96248.4520073843,0.0,0.0
2022-08-23,0.003221895263978647,0.003221895263978647,96558.55443907216,0.0,0.0
2022-08-24,-0.0007888020864274259,-0.0007888020864274259,96482.3888498682,0.0,0.0
2022-08-25,-0.020164394419247195,-0.020164394419247195,94536.87990658828,0.0,0.0
2022-08-26,0.002803547533445472,0.002803547533445472,94801.91854307002,0.0,0.0
2022-08-29,-0.001197837134181784,-0.001197837134181784,94688.36128464746,0.0,0.0
2022-08-30,-0.00898791935994156,-0.00898791935994156,93837.30992909604,0.0,0.0
2022-08-31,-0.009530314978710652,-0.009530314978710652,92943.01080871685,0.0,0.0
2022-09-01,-0.0022888481722423415,-0.0022888481722423415,92730.27836830463,0.0,0.0
2022-09-02,-0.0030011114159255725,-0.0030011114159255725,92451.98447129155,0.0,0.0
2022-09-05,0.008124442329527692,0.008124442329527692,93203.10528737894,0.0,0.0
2022-09-06,-0.007539625948750979,-0.007789625948750979,92477.08795992822,0.49999999999999994,0.00024999999999999995
2022-09-07,0.002041535928141528,0.002041535928141528,92665.88325752833,0.0,0.0
2022-09-08,-0.0003147114529584717,-0.0003147114529584717,92636.72024276867,0.0,0.0
2022-09-09,0.0010552513145213327,0.0010552513145213327,92734.47526357778,0.0,0.0
2022-09-12,-0.008940871366796813,-0.008940871366796813,91905.34824897874,0.0,0.0
2022-09-13,-0.007855422099483459,-0.007855422099483459,91183.39294528299,0.0,0.0
2022-09-14,0.002637914907954582,0.002637914907954582,91423.92697689122,0.0,0.0
2022-09-15,-0.005692728703524774,-0.005692728703524774,90903.47536360091,0.0,0.0
2022-09-16,0.0025797429092357937,0.0025797429092357937,91137.98295959506,0.0,0.0
2022-09-19,0.004095081019883207,0.004095081019883207,91511.20038380333,0.0,0.0
2022-09-20,-0.0013264491573256414,-0.0013264491573256414,91389.81542916837,0.0,0.0
2022-09-21,0.006329409259839898,0.006329409259839898,91968.2589732008,0.0,0.0
2022-09-22,0.001799161897843904,0.001799161897843904,92133.72476055642,0.0,0.0
2022-09-23,8.396213391929452e-05,8.396213391929452e-05,92141.46050469326,0.0,0.0
2022-09-26,0.01314139202178118,0.01314139202178118,93352.32755864489,0.0,0.0
2022-09-27,-0.0024761470606806664,-0.0024761470606806664,93121.17346715285,0.0,0.0
2022-09-28,-0.002768714306009057,-0.0031020476393423904,92832.30715082628,0.6666666666666667,0.0003333333333333334
2022-09-29,0.008497136304242536,0.008497136304242536,93621.11591812415,0.0,0.0
2022-09-30,-0.010901403801810428,-0.010901403801810428,92600.51432912458,0.0,0.0
2022-10-03,-0.004551803547265143,-0.0050518035472651435,92132.71472235813,1.0,0.0005
2022-10-04,-0.010596163231311961,-0.010596163231311961,91156.46143821612,0.0,0.0
2022-10-05,0.00937470491028769,0.00937470491028769,92011.02636486542,0.0,0.0
2022-10-06,-0.004668445122950726,-0.004668445122950726,91581.47793757467,0.0,0.0
2022-10-07,0.007487855906564311,0.007487855906564311,92267.22684808142,0.0,0.0
2022-10-10,-0.0005314859258073179,-0.0005314859258073179,92218.1881155984,0.0,0.0
2022-10-11,0.0014780275841537183,0.0014780275841537183,92354.48914139392,0.0,0.0
2022-10-12,-0.00660747132365247,-0.00660747132365247,91744.25950278158,0.0,0.0
2022-10-13,-0.011250636854520435,-0.011750636854520435,90666.20602587753,1.0,0.0005
2022-10-14,0.008363739306857632,0.008363739306857632,91424.5145370198,0.0,0.0
2022-10-17,0.0014245239925505526,0.0014245239925505526,91554.75095148508,0.0,0.0
2022-10-18,0.0104806060748307,0.0104806060748307,92514.30023048681,0.0,0.0
2022-10-19,-0.0004694595374602484,-0.0004694595374602484,92470.86850989214,0.0,0.0
2022-10-20,-0.0019015183670583746,-0.0019015183670583746,92295.03345500275,0.0,0.0
2022-10-21,-0.004350847557998694,-0.004350847557998694,91893.47183407964,0.0,0.0
2022-10-24,0.003564232612509044,0.003564232612509044,92221.00154326735,0.0,0.0
2022-10-25,0.0035158907875270096,0.0035158907875270096,92545.24051300983,0.0,0.0
2022-10-26,0.00020363785469978968,0.00020363785469978968,92564.08622725058,0.0,0.0
2022-10-27,0.0012955470051609908,0.0012955470051609908,92684.00735194774,0.0,0.0
2022-10-28,-0.005376257437822274,-0.005376257437822274,92185.71426805467,0.0,0.0
2022-10-31,-0.004435594963471734,-0.004435594963471734,91776.81577814324,0.0,0.0
2022-11-01,-0.0023922923500812043,-0.0023922923500812043,91557.25880384239,0.0,0.0
2022-11-02,0.003301557710233105,0.003301557710233105,91859.54037757401,0.0,0.0
2022-11-03,0.007044829824735643,0.007044829824735643,92506.67520731245,0.0,0.0
2022-11-04,0.0020681042454042675,0.0020681042454042675,92697.98865503693,0.0,0.0
2022-11-07,-0.0011370957359698175,-0.0011370957359698175,92592.5821674043,0.0,0.0
2022-11-08,0.030700817078094134,0.030700817078094134,95435.25009531417,0.0,0.0
2022-11-09,-0.008930742398316094,-0.008930742398316094,94582.94246099406,0.0,0.0
2022-11-10,-0.008024087859258122,-0.008024087859258122,93824.00062069988,0.0,0.0
2022-11-11,0.005244564599819701,0.005244564599819701,94316.06665296867,0.0,0.0
2022-11-14,-0.00895885665969609,-0.00895885665969609,93471.10253111838,0.0,0.0
2022-11-15,0.006230501057044924,0.006230501057044924,94053.47433424166,0.0,0.0
2022-11-16,-0.009031026089501237,-0.009531026089501238,93157.04821655377,1.0,0.0005
2022-11-17,-0.006391760845494365,-0.006891760845494366,92515.0321191731,1.0,0.0005
2022-11-18,-0.009352384050197005,-0.009352384050197005,91649.79600837828,0.0,0.0
2022-11-21,0.0028792624875292328,0.0028792624875292328,91913.67982801491,0.0,0.0
2022-11-22,-0.005612663606730128,-0.005612663606730128,91397.79926228356,0.0,0.0
2022-11-23,-0.006095235502774576,-0.006095235502774576,90840.70815134462,0.0,0.0
2022-11-24,-0.004160885146997417,-0.004160885146997417,90462.73039805496,0.0,0.0
2022-11-25,0.015616367411271481,0.015616367411271481,91875.42963297777,0.0,0.0
2022-11-28,-0.006131432586244323,-0.006131432586244323,91312.10162985095,0.0,0.0
2022-11-29,-0.0033154038551467813,-0.0033154038551467813,91009.36513608579,0.0,0.0
2022-11-30,0.007005973032235935,0.007005973032235935,91646.97429391013,0.0,0.0
2022-12-01,0.0059029551666670566,0.0059029551666670566,92187.96227432774,0.0,0.0
2022-12-02,0.012392713601848016,0.012392713601848016,93330.42128833146,0.0,0.0
2022-12-05,0.004212426614694231,0.004212426614694231,93723.56883892705,0.0,0.0
2022-12-06,9.086747048986377e-05,9.086747048986377e-05,93732.08526255272,0.0,0.0
2022-12-07,-0.0018840968583636042,-0.0018840968583636042,93555.48493518168,0.0,0.0
2022-12-08,0.0010658187986907208,0.0010658187986907208,93655.19812974623,0.0,0.0
2022-12-09,-0.007648623618923989,-0.007648623618923989,92938.86476929605,0.0,0.0
2022-12-12,0.0015875449367279693,0.0015875449367279693,93086.4093934858,0.0,0.0
2022-12-13,0.0012198042641143325,0.0012198042641143325,93199.95659259506,0.0,0.0
2022-12-14,0.004730505817704733,0.004730505817704733,93640.83952946616,0.0,0.0
2022-12-15,-0.007807477539516716,-0.007807477539516716,92909.74077805836,0.0,0.0
2022-12-16,-0.0007026851958980562,-0.0007026851958980562,92844.4544786589,0.0,0.0
2022-12-19,0.002801056336793506,0.002801056336793506,93104.51702621249,0.0,0.0
2022-12-20,0.0041609008295419025,0.0041609008295419025,93491.91568834095,0.0,0.0
2022-12-21,-0.005615028159043578,-0.005615028159043578,92966.95594910797,0.0,0.0
2022-12-22,-0.0025021945783597066,-0.0025021945783597066,92734.33453596552,0.0,0.0
2022-12-23,0.006193296106036916,0.006193296106036916,93308.66572894304,0.0,0.0
2022-12-26,-0.0038395513189660724,-0.0038395513189660724,92950.40231837252,0.0,0.0
2022-12-27,0.010680888223309593,0.010680888223309593,93943.1951758467,0.0,0.0
2022-12-28,-0.010337891756445505,-0.010337891756445505,92972.02059286417,0.0,0.0
2022-12-29,-0.002277719617448548,-0.002277719617448548,92760.25639768597,0.0,0.0
2022-12-30,0.00443016712021721,0.00443016712021721,93171.19983564192,0.0,0.0
2023-01-02,0.004823490465759361,0.004823490465759361,93620.6102297325,0.0,0.0
2023-01-03,0.0204082232867564,0.0204082232867564,95531.24054754326,0.0,0.0
2023-01-04,0.001801321665993505,0.001801321665993505,95703.32304092079,0.0,0.0
2023-01-05,-0.009508535332342194,-0.009508535332342194,94793.32461236363,0.0,0.0
2023-01-06,0.028635660329528467,0.028635660329528467,97507.79405747,0.0,0.0
2023-01-09,-0.004527622456508951,-0.004527622456508951,97066.31557941074,0.0,0.0
2023-01-10,0.007965456146968863,0.007965456146968863,97839.49305950638,0.0,0.0
2023-01-11,-0.020103440631348612,-0.020103440631348612,95872.58261938335,0.0,0.0
2023-01-12,-0.026369132879030477,-0.026369132879030477,93344.50574883701,0.0,0.0
2023-01-13,-0.0011221799066349347,-0.0011221799066349347,93239.75642009088,0.0,0.0
2023-01-16,-0.001804502416610898,-0.001804502416610898,93071.50505430662,0.0,0.0
2023-01-17,-0.006495978521759982,-0.006495978521759982,92466.91455648596,0.0,0.0
2023-01-18,0.0007621317069622657,0.0007621317069622657,92537.3865239144,0.0,0.0
2023-01-19,0.00031733061343452995,0.00031733061343452995,92566.75146954568,0.0,0.0
2023-01-20,0.022070557254751932,0.022070557254751932,94609.75125774067,0.0,0.0
2023-01-23,0.0010450121358716036,0.0010450121358716036,94708.61959597681,0.0,0.0
2023-01-24,-0.001089341105072028,-0.001089341105072028,94605.44960364628,0.0,0.0
2023-01-25,-0.008927567980952344,-0.008927567980952344,93760.85302094115,0.0,0.0
2023-01-26,0.010218151543324727,0.010218151543324727,94718.91562594053,0.0,0.0
2023-01-27,-0.00024026106782842893,-0.00024026106782842893,94696.15835812868,0.0,0.0
2023-01-30,0.012390501019945932,0.012390501019945932,95869.49120485003,0.0,0.0
2023-01-31,0.015504140827656943,0.015504140827656943,97355.86529756586,0.0,0.0
2023-02-01,0.019016845100194968,0.019016845100194968,99207.2667075251,0.0,0.0
2023-02-02,0.031249572988473973,0.031249572988473973,102307.4514294889,0.0,0.0
2023-02-03,0.004686548518180789,0.004686548518180789,102786.92026438462,0.0,0.0
2023-02-06,-0.033043149309595454,-0.033043149309595454,99390.51671101508,0.0,0.0
2023-02-07,-0.015169472671601958,-0.01566947267160196,97833.11972559542,1.0,0.0005
2023-02-08,-0.00619958237414886,-0.00619958237414886,97226.59524093661,0.0,0.0
2023-02-09,-0.03966554557006474,-0.03966554557006474,93370.049296785,0.0,0.0
2023-02-10,-0.0057309032909361735,-0.0057309032909361735,92834.95457399519,0.0,0.0
2023-02-13,-0.01675424795575009,-0.01675424795575009,91279.57472610168,0.0,0.0
2023-02-14,0.015812799579004277,0.015812799579004277,92722.96034690225,0.0,0.0
2023-02-15,-0.012677377841397108,-0.012677377841397108,91547.47634401171,0.0,0.0
2023-02-16,-0.043811183976566026,-0.043811183976566026,87536.67301531388,0.0,0.0
2023-02-17,-0.024481556891121303,-0.024481556891121303,85393.63897482998,0.0,0.0
2023-02-20,-0.012258568720330931,-0.012258568720330931,84346.8351831779,0.0,0.0
2023-02-21,0.014815978454320033,0.014815978454320033,85596.51607594195,0.0,0.0
2023-02-22,-0.02840023448864304,-0.02840023448864304,83165.55494797429,0.0,0.0
2023-02-23,0.018958415120429395,0.018958415120429395,84742.24206239887,0.0,0.0
2023-02-24,0.003613539374309971,0.003613539374309971,85048.46149075867,0.0,0.0
2023-02-27,-0.0018686475797973223,-0.0018686475797973223,84889.53588902848,0.0,0.0
2023-02-28,-0.002526799933198598,-0.002526799933198598,84675.03701541483,0.0,0.0
2023-03-01,0.01755241053636314,0.01755241053636314,86161.28802729113,0.0,0.0
2023-03-02,-0.005299777016322116,-0.005299777016322116,85704.65241330738,0.0,0.0
2023-03-03,0.007683365685435373,0.007683365685435373,86363.15259874196,0.0,0.0
2023-03-06,0.011484991211469175,0.011484991211469175,87355.03264733327,0.0,0.0
2023-03-07,0.008298376190151169,0.008298376190151169,88079.93757034378,0.0,0.0
2023-03-08,0.005447426751190587,0.005447426751190587,88559.74657850766,0.0,0.0
2023-03-09,0.00813134730531151,0.00813134730531151,89279.85663520789,0.0,0.0
2023-03-10,0.010853669193748416,0.010853669193748416,90248.87066479171,0.0,0.0
2023-03-13,0.005976435759642129,0.005976435759642129,90788.23724270008,0.0,0.0
2023-03-14,-0.0038274505079139987,-0.0038274505079139987,90440.7497579529,0.0,0.0
2023-03-15,-0.0024381342014134777,-0.0024381342014134777,90220.24307276656,0.0,0.0
2023-03-16,0.0029947430139065645,0.0029947430139065645,90490.42951542168,0.0,0.0
2023-03-17,-0.004915244685738784,-0.004915244685738784,90045.64691263578,0.0,0.0
2023-03-20,0.01086820280799583,0.01086820280799583,91024.28126525949,0.0,0.0
2023-03-21,-0.0025763385339305778,-0.0025763385339305778,90789.77190191246,0.0,0.0
2023-03-22,0.016618984020461358,0.016618984020461358,92298.60567037167,0.0,0.0
2023-03-23,-0.005500769038634945,-0.005500769038634945,91790.89235799093,0.0,0.0
2023-03-24,-0.005131179148273102,-0.005131179148273102,91319.89684512223,0.0,0.0
2023-03-27,-0.0017421912290083164,-0.0017421912290083164,91160.80012180471,0.0,0.0
2023-03-28,-0.005877503797137251,-0.005877503797137251,90625.00217293872,0.0,0.0
2023-03-29,0.0005886636764966813,0.0005886636764966813,90678.34981990037,0.0,0.0
2023-03-30,0.018291667620407015,0.018291667620407015,92337.00805517299,0.0,0.0
2023-03-31,-0.025998195623795017,-0.025998195623795017,89936.41245643866,0.0,0.0
2023-04-03,-0.004091682031939992,-0.004091682031939992,89568.4212535735,0.0,0.0
2023-04-04,0.011096405822740074,0.011096405822740074,90562.30880470529,0.0,0.0
2023-04-05,0.011450050892085395,0.011450050892085395,91599.25184942392,0.0,0.0
2023-04-06,-0.0037590000725874484,-0.0037590000725874484,91254.93025507299,0.0,0.0
2023-04-07,0.004715643017821458,0.004715643017821458,91685.2559297721,0.0,0.0
2023-04-10,-0.0027549271811320164,-0.0027549271811320164,91432.66972610212,0.0,0.0
2023-04-11,0.009042991713526405,0.009042991713526405,92259.49460078086,0.0,0.0
2023-04-12,0.008154371284578854,0.008154371284578854,93011.81277428321,0.0,0.0
2023-04-13,0.008264324167290393,0.008264324167290393,93780.49254643722,0.0,0.0
2023-04-14,-0.018253563974852116,-0.018253563974852116,92068.66432614769,0.0,0.0
2023-04-17,0.018262945615879822,0.018262945615879822,93750.10933566281,0.0,0.0
2023-04-18,0.03560348552242676,0.03560348552242676,97087.93999612101,0.0,0.0
2023-04-19,0.002936705177462917,0.002936705177462917,97373.05865217683,0.0,0.0
2023-04-20,-0.0005373599148804642,-0.0005373599148804642,97320.73427366784,0.0,0.0
2023-04-21,0.007085401991169027,0.007085401991169027,98010.29079807251,0.0,0.0
2023-04-24,0.0022333181863725127,0.0022333181863725127,98229.17896296352,0.0,0.0
2023-04-25,-0.006872225637245988,-0.006872225637245988,97554.12588096861,0.0,0.0
2023-04-26,0.00013602989928673814,0.00013602989928673814,97567.3961588872,0.0,0.0
2023-04-27,0.0008100863316007345,0.0008100863316007345,97646.4341729254,0.0,0.0
2023-04-28,0.008173833000403308,0.008173833000403308,98444.57981893978,0.0,0.0
2023-05-01,-0.0008021266280189288,-0.0008021266280189288,98365.61480008287,0.0,0.0
2023-05-02,-0.0028593097358529107,-0.0033593097358529107,98035.1742326118,1.0,0.0005
2023-05-03,0.0009590044256393981,0.0009590044256393981,98129.1903985692,0.0,0.0
2023-05-04,-0.012611136299475967,-0.012611136299475967,96891.66980349562,0.0,0.0
2023-05-05,-0.003271177685832294,-0.003271177685832294,96574.71993529139,0.0,0.0
2023-05-08,0.013354000668918675,0.013354000668918675,97864.37880990791,0.0,0.0
2023-05-09,-0.012071432747157662,-0.012071432747157662,96683.01554276176,0.0,0.0
2023-05-10,0.012119047992980914,0.012119047992980914,97854.7216482306,0.0,0.0
2023-05-11,-0.005094850187690458,-0.005094850187690458,97356.16650127473,0.0,0.0
2023-05-12,0.007385604766913745,0.007385604766913745,98075.20066867498,0.0,0.0
2023-05-15,-0.0010436247736678173,-0.0010436247736678173,97972.84695957472,0.0,0.0
2023-05-16,-0.0030032705928003667,-0.0030032705928003667,97678.60798940809,0.0,0.0
2023-05-17,0.00021897185282399034,0.00021897185282399034,97699.9968551808,0.0,0.0
2023-05-18,0.0015045584533441105,0.001171225120010777,97814.42554572257,0.6666666666666667,0.0003333333333333334
2023-05-19,0.0038946836896580628,0.0038946836896580628,98195.38179350876,0.0,0.0
2023-05-22,0.0016992339707490403,0.0016992339707490403,98362.23872202297,0.0,0.0
2023-05-23,0.0017677200896028717,0.0017677200896028717,98536.11562747021,0.0,0.0
2023-05-24,-0.0033244453514587042,-0.0033244453514587042,98208.53769592167,0.0,0.0
2023-05-25,-0.004991862483154493,-0.004991862483154493,97718.29418107193,0.0,0.0
2023-05-26,0.0007521849659209249,0.0007521849659209249,97791.79641285037,0.0,0.0
2023-05-29,-0.00580033922754312,-0.00580033922754312,97224.570819985,0.0,0.0
2023-05-30,-0.0021690836316973217,-0.0021690836316973217,97013.68259482057,0.0,0.0
2023-05-31,0.004631909887214181,0.004631909887214181,97463.04123042659,0.0,0.0
2023-06-01,0.010364204620852153,0.010364204620852153,98473.16813270928,0.0,0.0
2023-06-02,0.006736003730860066,0.006736003730860066,99136.48376064083,0.0,0.0
2023-06-05,0.0020351698729042336,0.0020351698729042336,99338.24334569614,0.0,0.0
2023-06-06,0.00689152923714394,0.00689152923714394,100022.83575407951,0.0,0.0
2023-06-07,0.003069496718792456,0.003069496718792456,100329.85552023097,0.0,0.0
2023-06-08,0.0020630691453173977,0.0020630691453173977,100536.84294950891,0.0,0.0
2023-06-09,-0.0030725898980230593,-0.003322589898023059,100202.80025074574,0.49999999999999994,0.00024999999999999995
2023-06-12,-0.0014648982830037516,-0.0014648982830037516,100056.01334070627,0.0,0.0
2023-06-13,8.425537881875944e-05,8.425537881875944e-05,100064.44359801339,0.0,0.0
2023-06-14,-0.0007542154234947418,-0.0007542154234947418,99988.97345130835,0.0,0.0
2023-06-15,0.008451014236034837,0.008451014236034837,100833.98168939186,0.0,0.0
2023-06-16,0.011920914268955973,0.011920914268955973,102036.01494050858,0.0,0.0
2023-06-19,-0.00356769002547494,-0.00356769002547494,101671.9820677661,0.0,0.0
2023-06-20,-0.0033220372976998647,-0.0033220372976998647,101334.22395120593,0.0,0.0
2023-06-21,-0.0018360779743774591,-0.0018360779743774591,101148.16641455848,0.0,0.0
2023-06-22,-0.011411724451734245,-0.011411724451734245,99993.89141063738,0.0,0.0
2023-06-23,0.004830334807474246,0.004830334807474246,100476.89538485298,0.0,0.0
2023-06-26,-0.0018677933074457975,-0.0018677933074457975,100289.22531210023,0.0,0.0
2023-06-27,0.01097621249401115,0.01097621249401115,101390.02115998561,0.0,0.0
2023-06-28,-0.004812193422730371,-0.004812193422730371,100902.11276702904,0.0,0.0
2023-06-29,0.0051471831458545225,0.0051471831458545225,101421.47442124461,0.0,0.0
2023-06-30,0.0010674138890328644,0.0010674138890328644,101529.73311168802,0.0,0.0
2023-07-03,-0.009894204555618041,-0.009894204555618041,100525.17716380367,0.0,0.0
2023-07-04,-0.005836853290910354,-0.005836853290910354,99938.42645265578,0.0,0.0
2023-07-05,0.004530422154270186,0.004530422154270186,100391.18971391978,0.0,0.0
2023-07-06,0.005163712804125059,0.005163712804125059,100909.5809856669,0.0,0.0
2023-07-07,-0.0006050198097808934,-0.0006050198097808934,100848.52869017387,0.0,0.0
2023-07-10,-0.03065681754746119,-0.03065681754746119,97756.8337461893,0.0,0.0
2023-07-11,-0.016911246133748864,-0.016911246133748864,96103.64386945152,0.0,0.0
2023-07-12,-0.010119211017756258,-0.010119211017756258,95131.15081756125,0.0,0.0
2023-07-13,0.01729636846498528,0.01729636846498528,96776.57425459987,0.0,0.0
2023-07-14,0.03066113322705666,0.03066113322705666,99743.85369107832,0.0,0.0
2023-07-17,0.008877715604508785,0.008877715604508785,100629.35125744544,0.0,0.0
2023-07-18,-0.007038393797199449,-0.007038393797199449,99921.08225573883,0.0,0.0
2023-07-19,0.004043784463961642,0.004043784463961642,100325.14157578681,0.0,0.0
2023-07-20,0.0086290723402912,0.0086290723402912,101190.8544799942,0.0,0.0
2023-07-21,0.0026044711037128314,0.0023544711037128316,101429.10542282737,0.49999999999999994,0.00024999999999999995
2023-07-24,-0.007063588412042021,-0.007063588412042021,100712.65196911889,0.0,0.0
2023-07-25,0.003093006963165797,0.003093006963165797,101024.15690293827,0.0,0.0
2023-07-26,0.00040028511282463874,0.00040028511282463874,101064.59536898218,0.0,0.0
2023-07-27,-0.008027504243614165,-0.008027504243614165,100253.29890077852,0.0,0.0
2023-07-28,0.008017519728137579,0.008017519728137579,101057.08170252638,0.0,0.0
2023-07-31,0.001990685794200105,0.001990685794200105,101258.25459947491,0.0,0.0
2023-08-01,0.007496916140175632,0.007496916140175632,102017.37924270773,0.0,0.0
2023-08-02,-0.00548768771795834,-0.00548768771795834,101457.53972361922,0.0,0.0
2023-08-03,-0.00015351179475150034,-0.00015351179475150034,101441.96479460517,0.0,0.0
2023-08-04,0.0030620945698640596,0.0030620945698640596,101752.58968415907,0.0,0.0
2023-08-07,0.018928234726244126,0.018928234726244126,103678.58658570403,0.0,0.0
2023-08-08,0.0018577284227155877,0.0018577284227155877,103871.1932428313,0.0,0.0
2023-08-09,-0.002007308101347638,-0.002007308101347638,103662.69175513831,0.0,0.0
2023-08-10,-0.004634714395285029,-0.004634714395285029,103182.24478540679,0.0,0.0
2023-08-11,-0.001333661120129263,-0.001333661120129263,103044.63463724882,0.0,0.0
2023-08-14,-0.006579276347082219,-0.006579276347082219,102366.67550988625,0.0,0.0
2023-08-15,0.0020408320240809705,0.0020408320240809705,102575.58869946553,0.0,0.0
2023-08-16,0.00891460932310528,0.00891460932310528,103490.00999880877,0.0,0.0
2023-08-17,-0.002571785709474916,-0.002571785709474916,103223.85587002043,0.0,0.0
2023-08-18,-0.001887195701603894,-0.001887195701603894,103029.05225291954,0.0,0.0
2023-08-21,0.0023053894568421844,0.0023053894568421844,103266.57434373186,0.0,0.0
2023-08-22,0.00416983180235142,0.00391983180235142,103671.36194596431,0.49999999999999994,0.00024999999999999995
2023-08-23,0.0024413073440671396,0.0024413073440671396,103924.45560325246,0.0,0.0
2023-08-24,0.002588806293248591,0.002588806293248591,104193.4958879406,0.0,0.0
2023-08-25,0.00856270740153292,0.00856270740153292,105085.67430637186,0.0,0.0
2023-08-28,-0.001265598691172487,-0.001265598691172487,104952.67801450874,0.0,0.0
2023-08-29,0.007052796530931438,0.007052796530931438,105692.88789792144,0.0,0.0
2023-08-30,-0.0007972486786510802,-0.0007972486786510802,105608.624382702,0.0,0.0
2023-08-31,0.0016057427876871866,0.0016057427876871866,105778.2046696221,0.0,0.0
2023-09-01,0.010983875086024053,0.010983875086024053,106940.05925653712,0.0,0.0
2023-09-04,-0.0027084506380708473,-0.0027084506380708473,106650.41738480843,0.0,0.0
2023-09-05,0.005548496647021478,0.005548496647021478,107242.16686807146,0.0,0.0
2023-09-06,0.004933635713961021,0.004933635713961021,107771.26065257436,0.0,0.0
2023-09-07,-0.008975769875467055,-0.008975769875467055,106803.93061776787,0.0,0.0
2023-09-08,-0.006933378060397261,-0.006933378060397261,106063.41858845844,0.0,0.0
2023-09-11,-0.004385268130857045,-0.004385268130857045,105598.30205907272,0.0,0.0
2023-09-12,0.004454415666068884,0.004454415666068884,106068.68079007493,0.0,0.0
2023-09-13,-0.002689586514965314,-0.002689586514965314,105783.39989656178,0.0,0.0
2023-09-14,-0.010803241262767604,-0.010803241262767604,104640.59630588339,0.0,0.0
2023-09-15,0.001153452668273075,0.001153452668273075,104761.29428090209,0.0,0.0
2023-09-18,0.0024551705660297574,0.0024551705660297574,105018.50112707975,0.0,0.0
2023-09-19,0.006454354811555207,0.006454354811555207,105696.32779513163,0.0,0.0
2023-09-20,-0.0035864236773951452,-0.0035864236773951452,105317.25598251345,0.0,0.0
2023-09-21,0.00435058350223394,0.00435058350223394,105775.44749889152,0.0,0.0
2023-09-22,-0.006821388358286551,-0.006821388358286551,105053.91209273002,0.0,0.0
2023-09-25,0.0007960420704498372,0.0007960420704498372,105137.53942642116,0.0,0.0
2023-09-26,-0.002202397625822944,-0.002202397625822944,104905.98475920354,0.0,0.0
2023-09-27,-0.01070812575154137,-0.01070812575154137,103782.6382823127,0.0,0.0
2023-09-28,0.006597302136739369,0.006597302136739369,104467.32370360907,0.0,0.0
2023-09-29,-0.004564991609036312,-0.004564991609036312,103990.43124748362,0.0,0.0
2023-10-02,0.0027918789946011304,0.0025418789946011306,104254.76234031112,0.49999999999999994,0.00024999999999999995
2023-10-03,-0.002837278761576097,-0.002837278761576097,103958.96251732978,0.0,0.0
2023-10-04,-0.004318674934355782,-0.004318674934355782,103509.99755170455,0.0,0.0
2023-10-05,-0.0031405398328625544,-0.0031405398328625544,103184.92028129393,0.0,0.0
2023-10-06,0.0017924903985210292,0.0017924903985210292,103369.8782601703,0.0,0.0
2023-10-09,-0.005142184277900289,-0.005142184277900289,102838.33129737238,0.0,0.0
2023-10-10,0.007281015038067144,0.007281015038067144,103587.09873403829,0.0,0.0
2023-10-11,-0.0044626405149454556,-0.0044626405149454556,103124.8267504021,0.0,0.0
2023-10-12,-0.003857312720845107,-0.003857312720845107,102727.04204434284,0.0,0.0
2023-10-13,0.001986335938549688,0.001986335938549688,102931.09245981641,0.0,0.0
2023-10-16,0.0036565971051006523,0.0036565971051006523,103307.46999452982,0.0,0.0
2023-10-17,0.0001209972092610645,0.0001209972092610645,103319.96991009498,0.0,0.0
2023-10-18,-0.006852736177848576,-0.006852736177848576,102611.94541439784,0.0,0.0
2023-10-19,-0.0038597712282269674,-0.0038597712282269674,102215.88677981494,0.0,0.0
2023-10-20,-0.00030004891203427864,-0.00030004891203427864,102185.21701419406,0.0,0.0
2023-10-23,-0.009090347151841316,-0.009090347151841316,101256.31791774879,0.0,0.0
2023-10-24,0.0034141298658688646,0.003080796532535531,101568.2680308871,0.6666666666666666,0.0003333333333333333
2023-10-25,-0.02957769010494763,-0.02957769010494763,98564.11327457326,0.0,0.0
2023-10-26,0.006829897673537699,0.006496564340204366,99204.44137809672,0.6666666666666667,0.0003333333333333334
2023-10-27,-0.013071060460219386,-0.013071060460219386,97907.73412692134,0.0,0.0
2023-10-30,0.007312801407404479,0.007312801407404479,98623.71394284046,0.0,0.0
2023-10-31,-0.008272263973891969,-0.008272263973891969,97807.87254701968,0.0,0.0
2023-11-01,-0.0292858363064733,-0.0297858363064733,94894.58326584974,1.0,0.0005
2023-11-02,-0.0058879812217007554,-0.0058879812217007554,94335.8457415393,0.0,0.0
2023-11-03,0.007557036302211717,0.007557036302211717,95048.74515240797,0.0,0.0
2023-11-06,0.03291923679258679,0.03291923679258679,98177.67730091832,0.0,0.0
2023-11-07,0.019045974215003314,0.019045974215003314,100047.56681128053,0.0,0.0
2023-11-08,-0.02363064439808593,-0.02363064439808593,97683.37833706941,0.0,0.0
2023-11-09,-0.010399860642976155,-0.010399860642976155,96667.48481522877,0.0,0.0
2023-11-10,0.0031898050312493265,0.0031898050312493265,96975.8352446506,0.0,0.0
2023-11-13,0.02473611836414502,0.02473611836414502,99374.64098372412,0.0,0.0
2023-11-14,-0.011774486995706268,-0.011774486995706268,98204.55556575827,0.0,0.0
2023-11-15,0.0,-0.0005,98155.4532879754,1.0,0.0005
2023-11-16,0.0,0.0,98155.4532879754,0.0,0.0
2023-11-17,0.0,0.0,98155.4532879754,0.0,0.0
2023-11-20,0.0,0.0,98155.4532879754,0.0,0.0
2023-11-21,0.0,0.0,98155.4532879754,0.0,0.0
2023-11-22,0.0,0.0,98155.4532879754,0.0,0.0
2023-11-23,0.0012927962242694768,0.0007927962242694768,98233.27056073358,1.0,0.0005
2023-11-24,0.0003236562917927621,-0.0001763437082072379,98215.94774153359,1.0,0.0005
2023-11-27,-0.00012141419607508697,-0.00012141419607508697,98204.0229311968,0.0,0.0
2023-11-28,0.009040523123525768,0.009040523123525768,99091.83867132953,0.0,0.0
2023-11-29,0.0018232553699152332,0.0018232553699152332,99272.50839830181,0.0,0.0
2023-11-30,0.0009220407159019617,0.0009220407159019617,99364.04169301476,0.0,0.0
2023-12-01,-0.0028216044783305194,-0.0028216044783305194,99083.67566798873,0.0,0.0
2023-12-04,0.007979061848958247,0.007979061848958247,99874.27044436571,0.0,0.0
2023-12-05,-0.00044161254669217165,-0.00044161254669217165,99830.16471344576,0.0,0.0
2023-12-06,0.0031996941874996576,0.0031996941874996576,100149.5907112165,0.0,0.0
2023-12-07,-0.0040288377177855605,-0.0040288377177855605,99746.10426273837,0.0,0.0
2023-12-08,-0.002824065334117387,-0.002824065334117387,99464.41474747671,0.0,0.0
2023-12-11,-0.005858624013006519,-0.005858624013006519,98881.6901387975,0.0,0.0
2023-12-12,0.0013830437641898508,0.0013830437641898508,99018.4478437365,0.0,0.0
2023-12-13,0.003078769308637541,0.003078769308637541,99323.30280194673,0.0,0.0
2023-12-14,0.003616035809113738,0.003616035809113738,99682.45942155803,0.0,0.0
2023-12-15,-0.004966190066583109,-0.004966190066583109,99187.41738176609,0.0,0.0
2023-12-18,-0.008433576976134727,-0.008433576976134727,98350.91266221297,0.0,0.0
2023-12-19,-0.00586259729941685,-0.00586259729941685,97774.32086724429,0.0,0.0
2023-12-20,-0.011232486995597868,-0.011232486995597868,96676.07207959954,0.0,0.0
2023-12-21,0.00011263872417138776,0.00011263872417138776,96686.9615490165,0.0,0.0
2023-12-22,-0.005137141975143811,-0.005137141975143811,96190.26690039394,0.0,0.0
2023-12-25,-0.0025143802335638177,-0.0025143802335638177,95948.40799463836,0.0,0.0
2023-12-26,0.011403505441815676,0.011403505441815676,97042.55618733875,0.0,0.0
2023-12-27,0.00793791665744814,0.00793791665744814,97812.87191057958,0.0,0.0
2023-12-28,0.010785996342093762,0.010785996342093762,98867.88118921677,0.0,0.0
2023-12-29,-0.000297658857667471,-0.000297658857667471,98838.45228864199,0.0,0.0
2024-01-01,-0.010394598333143046,-0.010394598333143046,97811.06627723202,0.0,0.0
2024-01-02,0.011673732512920587,0.011673732512920587,98952.88650175599,0.0,0.0
2024-01-03,-0.00719433317997209,-0.00719433317997209,98240.98646714239,0.0,0.0
2024-01-04,-0.0031010320495524213,-0.0031010320495524213,97936.33801952814,0.0,0.0
2024-01-05,-0.0006303498093917503,-0.0006303498093917503,97874.60386752499,0.0,0.0
2024-01-08,0.0015396066592930358,0.0015396066592930358,98025.2922594151,0.0,0.0
2024-01-09,0.0021912574236264692,0.0021912574236264692,98240.0909087817,0.0,0.0
2024-01-10,-0.002996133514914512,-0.002996133514914512,97945.75047990165,0.0,0.0
2024-01-11,0.005327981399542159,0.005327981399542159,98467.60361662277,0.0,0.0
2024-01-12,0.00013659467171561746,0.00013659467171561746,98481.0537666134,0.0,0.0
2024-01-15,-0.009089322131214161,-0.009089322131214161,97585.92774510723,0.0,0.0
2024-01-16,-0.0016940925180372601,-0.0016940925180372601,97420.60815504851,0.0,0.0
2024-01-17,-0.009367721162379106,-0.009367721162379106,96507.99906238262,0.0,0.0
2024-01-18,-0.008125506731760934,-0.008125506731760934,95723.82266633246,0.0,0.0
2024-01-19,0.006929250859925684,0.006929250859925684,96387.11704685852,0.0,0.0
2024-01-22,0.0024168418006806913,0.0024168418006806913,96620.06946038447,0.0,0.0
2024-01-23,0.0072247754197491965,0.0072247754197491965,97318.12776327632,0.0,0.0
2024-01-24,-0.0033237367321253264,-0.0033237367321253264,96994.66792732786,0.0,0.0
2024-01-25,-0.001313380496203942,-0.001313380496203942,96867.27702223632,0.0,0.0
2024-01-26,-0.008122581978689425,-0.008622581978689425,96032.03098505967,1.0,0.0005
2024-01-29,0.040679296700556256,0.040679296700556256,99938.54646625793,0.0,0.0
2024-01-30,0.0075125991838274064,0.0075125991838274064,100689.34470887324,0.0,0.0
2024-01-31,0.05037498686175024,0.05037498686175024,105761.56912570096,0.0,0.0
2024-02-01,0.006177002644258023,0.005677002644258022,106361.97783328845,1.0,0.0005
2024-02-02,0.007213668060583267,0.007213668060583267,107129.23783564489,0.0,0.0
2024-02-05,-0.005316981328957138,-0.005316981328957138,106559.63367828738,0.0,0.0
2024-02-06,0.006809572200735414,0.006809572200735414,107285.25919750358,0.0,0.0
2024-02-07,0.040985548042426934,0.040985548042426934,111682.40434258709,0.0,0.0
2024-02-08,0.017761025118335216,0.017761025118335216,113665.99833139183,0.0,0.0
2024-02-09,-0.011496114177637184,-0.011496114177637184,112359.28103645904,0.0,0.0
2024-02-12,-0.005910216968450455,-0.005910216968450455,111695.21330711448,0.0,0.0
2024-02-13,-0.001985476243325568,-0.001985476243325568,111473.44511460002,0.0,0.0
2024-02-14,-0.02948763830115836,-0.02948763830115836,108186.35648487667,0.0,0.0
2024-02-15,0.001218601277662601,0.001218601277662601,108318.19251711479,0.0,0.0
2024-02-16,0.05309709139158303,0.05309709139158303,114069.5734845671,0.0,0.0
2024-02-19,0.0022137942890553264,0.0022137942890553264,114322.1000549022,0.0,0.0
2024-02-20,-0.005407253427711311,-0.005740586761044644,113665.82412083221,0.6666666666666667,0.0003333333333333334
2024-02-21,-0.0031262409209746878,-0.0031262409209746878,113310.47737014937,0.0,0.0
2024-02-22,-0.023881011742837133,-0.024131011742837133,110576.18091014381,0.49999999999999994,0.00024999999999999995
2024-02-23,0.012478534202761404,0.012478534202761404,111956.00956564175,0.0,0.0
2024-02-26,-0.002887505952049396,-0.002887505952049396,111632.73592165326,0.0,0.0
2024-02-27,-0.013591833860703784,-0.013591833860703784,110115.44232159034,0.0,0.0
2024-02-28,0.00023479504808077145,0.00023479504808077145,110141.29688216468,0.0,0.0
2024-02-29,0.00510899589243019,0.00510899589243019,110704.00831552259,0.0,0.0
2024-03-01,-0.004019076248678144,-0.004019076248678144,110259.08046506821,0.0,0.0
2024-03-04,0.0006851614875860168,0.0006851614875860168,110334.62574065951,0.0,0.0
2024-03-05,-0.004332409217736449,-0.004332409217736449,109856.61099106516,0.0,0.0
2024-03-06,-0.0046366360731034395,-0.0046366360731034395,109347.2458656751,0.0,0.0
2024-03-07,-0.0005799385647274613,-0.0005799385647274613,109283.83118085086,0.0,0.0
2024-03-08,0.009712791814912858,0.009712791814912858,110345.28228184655,0.0,0.0
2024-03-11,0.0059137224268481035,0.005663722426848103,110970.24733180311,0.49999999999999994,0.00024999999999999995
2024-03-12,-0.0003819732297379493,-0.0003819732297379493,110927.85966802496,0.0,0.0
2024-03-13,-0.0052695962903214575,-0.0052695962903214575,110343.31463022504,0.0,0.0
2024-03-14,-0.0074415958853597895,-0.0074415958853597895,109522.18427409581,0.0,0.0
2024-03-15,-0.010335715804234202,-0.010335715804234202,108390.19410317978,0.0,0.0
2024-03-18,0.005300219641754459,0.005300219641754459,108964.68593893902,0.0,0.0
2024-03-19,-0.005671913494989411,-0.005671913494989411,108346.64766628468,0.0,0.0
2024-03-20,-0.0005917292893444781,-0.0005917292893444781,108282.53578145825,0.0,0.0
2024-03-21,-0.0015773761187766187,-0.0015773761187766187,108111.73349543601,0.0,0.0
2024-03-22,0.00229570952646226,0.00229570952646226,108359.92663194383,0.0,0.0
2024-03-25,0.010920740092955626,0.010920740092955626,109543.29722718304,0.0,0.0
2024-03-26,-0.007320191378653325,-0.007320191378653325,108741.41932723134,0.0,0.0
2024-03-27,0.007805623587211041,0.007805623587211041,109590.21391483878,0.0,0.0
2024-03-28,0.003627697153836188,0.003627697153836188,109987.77402194595,0.0,0.0
2024-03-29,0.004850144434658327,0.004850144434658327,110521.23061199894,0.0,0.0
2024-04-01,-0.0029721064941731212,-0.0029721064941731212,110192.74974475302,0.0,0.0
2024-04-02,0.00557427096089221,0.00557427096089221,110806.99398975604,0.0,0.0
2024-04-03,0.008513943382887726,0.008513943382887726,111750.39846301283,0.0,0.0
2024-04-04,-0.007397578387731918,-0.007397578387731918,110923.71613052241,0.0,0.0
2024-04-05,0.0034337961134143224,0.0034337961134143224,111304.60555585686,0.0,0.0
2024-04-08,0.004351437680543949,0.004351437680543949,111788.94061049071,0.0,0.0
2024-04-09,-0.003514971933967733,-0.003514971933967733,111396.00562171686,0.0,0.0
2024-04-10,0.006254667416405679,0.006254667416405679,112092.75058839674,0.0,0.0
2024-04-11,0.0029882181864190707,0.0029882181864190707,112427.70818427073,0.0,0.0
2024-04-12,0.0074688898820246905,0.0074688898820246905,113267.41835638745,0.0,0.0
2024-04-15,-0.00034715850204133014,-0.00034715850204133014,113228.09660910076,0.0,0.0
2024-04-16,0.011140819403707775,0.011140819403707775,114489.55038484832,0.0,0.0
2024-04-17,-0.002719794072001328,-0.002719794072001328,114178.1623844055,0.0,0.0
2024-04-18,-0.0056005155108562,-0.0056005155108562,113538.70581497058,0.0,0.0
2024-04-19,-0.0003256240954208067,-0.0003256240954208067,113501.73487659435,0.0,0.0
2024-04-22,-0.03788774560596049,-0.03788774560596049,109201.41001975477,0.0,0.0
2024-04-23,-0.004864264832155444,-0.004864264832155444,108670.22544137388,0.0,0.0
2024-04-24,0.0030268990008404475,0.0030268990008404475,108999.15923818348,0.0,0.0
2024-04-25,-0.015316471887881804,-0.015316471887881804,107329.6766799091,0.0,0.0
2024-04-26,-0.0021680080249172704,-0.0021680080249172704,107096.98507955528,0.0,0.0
2024-04-29,-0.0007637678676077156,-0.0007637678676077156,107015.18784363384,0.0,0.0
2024-04-30,-0.0035852959446888155,-0.0035852959446888155,106631.50672463795,0.0,0.0
2024-05-01,-0.0012328382166987653,-0.0012328382166987653,106500.04732804366,0.0,0.0
2024-05-02,0.004809480111427715,0.004809480111427715,107012.25718753399,0.0,0.0
2024-05-03,0.0024317272443175053,0.0024317272443175053,107272.48180881284,0.0,0.0
2024-05-06,0.005653001230552198,0.005653001230552198,107878.89328048246,0.0,0.0
2024-05-07,-0.0011300346609521097,-0.0011300346609521097,107756.98639189036,0.0,0.0
2024-05-08,0.006731255732608502,0.006731255732608502,108482.32622426939,0.0,0.0
2024-05-09,0.0032149103376553816,0.0032149103376553816,108831.08717630067,0.0,0.0
2024-05-10,0.007964242087694121,0.007964242087694121,109697.84430123967,0.0,0.0
2024-05-13,0.015222616777992082,0.014889283444658749,111331.16659830889,0.6666666666666667,0.0003333333333333334
2024-05-14,0.0042411404984644685,0.0042411404984644685,111803.33771771025,0.0,0.0
2024-05-15,-0.013483100522729607,-0.013483100522729607,110295.88207648568,0.0,0.0
2024-05-16,0.00415293214782575,0.00415293214782575,110753.93339093392,0.0,0.0
2024-05-17,0.0003351347645417224,0.0003351347645417224,110791.05088432295,0.0,0.0
2024-05-20,0.011166138172331252,0.011166138172331252,112028.15906675508,0.0,0.0
2024-05-21,-0.0035564596096992473,-0.0035564596096992473,111629.73544388519,0.0,0.0
2024-05-22,0.004932676451290141,0.004932676451290141,112180.36881117302,0.0,0.0
2024-05-23,0.0025432963635080297,0.0025432963635080297,112465.67673522748,0.0,0.0
2024-05-24,0.00037644915817891533,0.00037644915817891533,112508.01434455845,0.0,0.0
2024-05-27,0.0017730570091024078,0.0017730570091024078,112707.49746797227,0.0,0.0
2024-05-28,0.004561180873432047,0.004561180873432047,113221.57674971556,0.0,0.0
2024-05-29,0.006069856577869681,0.006069856577869681,113908.81548210658,0.0,0.0
2024-05-30,0.00746270368679558,0.00746270368679558,114758.88321936343,0.0,0.0
2024-05-31,-0.0010745884790330784,-0.0010745884790330784,114635.5646455892,0.0,0.0
2024-06-03,0.006288745169319321,0.006288745169319321,115356.47849898631,0.0,0.0
2024-06-04,-0.006028832547067153,-0.006028832547067153,114661.01360689658,0.0,0.0
2024-06-05,0.009197683126297724,0.00886434979296439,115677.40893912395,0.6666666666666667,0.0003333333333333334
2024-06-06,-0.004075808490517548,-0.004075808490517548,115205.92997360879,0.0,0.0
2024-06-07,0.005819477355262744,0.005819477355262744,115876.36827428218,0.0,0.0
2024-06-10,-0.0007804877767149107,-0.0007804877767149107,115785.92818523399,0.0,0.0
2024-06-11,0.003861289980907623,0.003861289980907623,116233.01122966572,0.0,0.0
2024-06-12,0.003630034325664407,0.003630034325664407,116654.94105020472,0.0,0.0
2024-06-13,-0.004597140593958956,-0.004597140593958956,116118.66188521693,0.0,0.0
2024-06-14,-0.0006199459489499846,-0.0006199459489499846,116046.67459118369,0.0,0.0
2024-06-17,0.0025812977396515073,0.0025812977396515073,116346.22561,0.0,0.0
2024-06-18,-0.005379457541554777,-0.005379457541554777,115720.34602921084,0.0,0.0
2024-06-19,0.0023892429844691865,0.0023892429844691865,115996.83005412147,0.0,0.0
2024-06-20,0.003110804538759189,0.003110804538759189,116357.6735195355,0.0,0.0
2024-06-21,0.002496542835224713,0.002496542835224713,116648.1654356841,0.0,0.0
2024-06-24,-0.00387323137686324,-0.00387323137686324,116196.36010126509,0.0,0.0
2024-06-25,0.00461019675351156,0.00461019675351156,116732.04818337379,0.0,0.0
2024-06-26,0.009672736521818399,0.009672736521818399,117861.16652910376,0.0,0.0
2024-06-27,0.0030727856216774168,0.0030727856216774168,118223.32862696853,0.0,0.0
2024-06-28,-0.004186873772818159,-0.004186873772818159,117728.34247300503,0.0,0.0
2024-07-01,0.009523762374430495,0.009523762374430495,118849.5592314535,0.0,0.0
2024-07-02,0.00024685947422165033,0.00024685947422165033,118878.89837115686,0.0,0.0
2024-07-03,-0.00041203876643713944,-0.00041203876643713944,118829.91565651659,0.0,0.0
2024-07-04,-0.0029388431816361376,-0.0029388431816361376,118480.69316911505,0.0,0.0
2024-07-05,-0.00390939436100531,-0.00390939436100531,118017.5054153517,0.0,0.0
2024-07-08,-0.003823256582824193,-0.003823256582824193,117566.29421088396,0.0,0.0
2024-07-09,-0.014552074250197703,-0.014552074250197703,115855.46076820658,0.0,0.0
2024-07-10,-0.002545053118945928,-0.002545053118945928,115560.60246643153,0.0,0.0
2024-07-11,-0.004816300088126612,-0.004816300088126612,115004.0279265885,0.0,0.0
2024-07-12,0.006037210974014995,0.006037210974014995,115698.33150604283,0.0,0.0
2024-07-15,0.0006629406075928287,0.0006629406075928287,115775.03262822893,0.0,0.0
2024-07-16,0.00233629607889844,0.00233629607889844,116045.51738299258,0.0,0.0
2024-07-17,0.001947059459846708,0.001947059459846708,116271.46490538593,0.0,0.0
2024-07-18,-0.005643906083486601,-0.005643906083486601,115615.23967727053,0.0,0.0
2024-07-19,0.0005477627902579958,0.0005477627902579958,115678.56940355248,0.0,0.0
2024-07-22,-0.0004221380136546494,-0.0004221380136546494,115629.73708204205,0.0,0.0
2024-07-23,-0.006172867844485304,-0.006172867844485304,114915.96999614203,0.0,0.0
2024-07-24,0.01654533196664006,0.01654533196664006,116817.29286799663,0.0,0.0
2024-07-25,-0.04077312039227761,-0.04077312039227761,112054.28732198983,0.0,0.0
2024-07-26,-0.03590620647714752,-0.03590620647714752,108030.84294475685,0.0,0.0
2024-07-29,-0.0028940903947190324,-0.0028940903947190324,107718.19191985702,0.0,0.0
2024-07-30,-0.015776355605556347,-0.016109688938889682,105982.88535496852,0.6666666666666667,0.0003333333333333334
2024-07-31,-0.0006965176330640532,-0.0006965176330640532,105909.06640651579,0.0,0.0
2024-08-01,-0.015491656328747383,-0.015491656328747383,104268.35954764755,0.0,0.0
2024-08-02,0.009794147696163602,0.009794147696163602,105289.5792610939,0.0,0.0
2024-08-05,0.0068683414395998565,0.0068683414395998565,106012.7440414909,0.0,0.0
2024-08-06,-0.016584374303057592,-0.017084374303057592,104201.58264139183,1.0,0.0005
2024-08-07,-0.005154047127550854,-0.005154047127550854,103664.52277369272,0.0,0.0
2024-08-08,0.031735176570605095,0.031735176570605095,106954.33470802335,0.0,0.0
2024-08-09,0.010492116003173235,0.010492116003173235,108076.51199482215,0.0,0.0
2024-08-12,-0.009141061106776927,-0.009141061106776927,107088.57799447018,0.0,0.0
2024-08-13,0.0031405531806303344,0.0031405531806303344,107424.8953686999,0.0,0.0
2024-08-14,0.0024398966544125766,0.0024398966544125766,107687.00101151061,0.0,0.0
2024-08-15,0.011829148891462804,0.011829148891462804,108960.84658015089,0.0,0.0
2024-08-16,-0.015576423937838535,-0.015576423937838535,107263.62624119267,0.0,0.0
2024-08-19,0.0023044909111749057,0.0023044909111749057,107510.81429296517,0.0,0.0
2024-08-20,0.0049640329108811,0.0049640329108811,108044.50151339106,0.0,0.0
2024-08-21,-0.006411122355802212,-0.006411122355802212,107351.81499431706,0.0,0.0
2024-08-22,0.00027555940508783294,0.00027555940508783294,107381.39679659197,0.0,0.0
2024-08-23,-0.0030344569947706734,-0.0030344569947706734,107055.55256597431,0.0,0.0
2024-08-26,-0.0037308772462603113,-0.0037308772462603113,106656.1414408201,0.0,0.0
2024-08-27,-0.007499529735053523,-0.007499529735053523,105856.27053665859,0.0,0.0
2024-08-28,-0.003945321484967179,-0.003945321484967179,105438.63351819181,0.0,0.0
2024-08-29,-0.0031793758490047397,-0.0031793758490047397,105103.404473232,0.0,0.0
2024-08-30,-0.0012340369710530652,-0.0012340369710530652,104973.70298632848,0.0,0.0
2024-09-02,0.006530667081146468,0.006530667081146468,105659.25129280736,0.0,0.0
2024-09-03,0.008882210820293723,0.008882210820293723,106597.73903790447,0.0,0.0
2024-09-04,-0.001929969749239091,-0.001929969749239091,106392.00862622402,0.0,0.0
2024-09-05,0.00044984367071343456,0.00044984367071343456,106439.86839791901,0.0,0.0
2024-09-06,-0.008613831618119683,-0.008613831618119683,105523.0132940845,0.0,0.0
2024-09-09,-0.006721561638320495,-0.006721561638320495,104813.73385596702,0.0,0.0
2024-09-10,0.0,-0.0005,104761.32698903904,1.0,0.0005
2024-09-11,0.0,0.0,104761.32698903904,0.0,0.0
2024-09-12,0.0,0.0,104761.32698903904,0.0,0.0
2024-09-13,0.0,0.0,104761.32698903904,0.0,0.0
2024-09-16,0.0,0.0,104761.32698903904,0.0,0.0
2024-09-17,0.0,0.0,104761.32698903904,0.0,0.0
2024-09-18,0.0,0.0,104761.32698903904,0.0,0.0
2024-09-19,0.0,0.0,104761.32698903904,0.0,0.0
2024-09-20,0.0,0.0,104761.32698903904,0.0,0.0
2024-09-23,0.0,0.0,104761.32698903904,0.0,0.0
2024-09-24,0.0,0.0,104761.32698903904,0.0,0.0
2024-09-25,0.0,0.0,104761.32698903904,0.0,0.0
2024-09-26,0.0,0.0,104761.32698903904,0.0,0.0
2024-09-27,0.0,0.0,104761.32698903904,0.0,0.0
2024-09-30,0.0,0.0,104761.32698903904,0.0,0.0
2024-10-01,0.0,0.0,104761.32698903904,0.0,0.0
2024-10-02,0.0,0.0,104761.32698903904,0.0,0.0
2024-10-03,0.0,0.0,104761.32698903904,0.0,0.0
2024-10-04,0.0,0.0,104761.32698903904,0.0,0.0
2024-10-07,0.0,0.0,104761.32698903904,0.0,0.0
2024-10-08,0.0,0.0,104761.32698903904,0.0,0.0
2024-10-09,0.0,0.0,104761.32698903904,0.0,0.0
2024-10-10,0.0,0.0,104761.32698903904,0.0,0.0
2024-10-11,0.0,0.0,104761.32698903904,0.0,0.0
2024-10-14,0.0,0.0,104761.32698903904,0.0,0.0
2024-10-15,0.0,0.0,104761.32698903904,0.0,0.0
2024-10-16,0.0,0.0,104761.32698903904,0.0,0.0
2024-10-17,0.0,0.0,104761.32698903904,0.0,0.0
2024-10-18,0.0,0.0,104761.32698903904,0.0,0.0
2024-10-21,0.0,0.0,104761.32698903904,0.0,0.0
2024-10-22,0.0,0.0,104761.32698903904,0.0,0.0
2024-10-23,0.0,0.0,104761.32698903904,0.0,0.0
2024-10-24,0.0,0.0,104761.32698903904,0.0,0.0
2024-10-25,0.0,0.0,104761.32698903904,0.0,0.0
2024-10-28,0.0,0.0,104761.32698903904,0.0,0.0
2024-10-29,0.0,0.0,104761.32698903904,0.0,0.0
2024-10-30,0.0,0.0,104761.32698903904,0.0,0.0
2024-10-31,0.0,0.0,104761.32698903904,0.0,0.0
2024-11-01,0.0,0.0,104761.32698903904,0.0,0.0
2024-11-04,0.0,0.0,104761.32698903904,0.0,0.0
2024-11-05,0.0,0.0,104761.32698903904,0.0,0.0
2024-11-06,0.0,0.0,104761.32698903904,0.0,0.0
2024-11-07,0.0,0.0,104761.32698903904,0.0,0.0
2024-11-08,0.0,0.0,104761.32698903904,0.0,0.0
2024-11-11,0.0,0.0,104761.32698903904,0.0,0.0
2024-11-12,0.0,0.0,104761.32698903904,0.0,0.0
2024-11-13,0.0,0.0,104761.32698903904,0.0,0.0
2024-11-14,0.0,0.0,104761.32698903904,0.0,0.0
2024-11-15,0.0,0.0,104761.32698903904,0.0,0.0
2024-11-18,0.0,0.0,104761.32698903904,0.0,0.0
2024-11-19,0.0,0.0,104761.32698903904,0.0,0.0
2024-11-20,0.0,0.0,104761.32698903904,0.0,0.0
2024-11-21,0.0,0.0,104761.32698903904,0.0,0.0
2024-11-22,0.0,0.0,104761.32698903904,0.0,0.0
2024-11-25,0.0,0.0,104761.32698903904,0.0,0.0
2024-11-26,0.0,0.0,104761.32698903904,0.0,0.0
2024-11-27,0.0,0.0,104761.32698903904,0.0,0.0
2024-11-28,0.0,0.0,104761.32698903904,0.0,0.0
2024-11-29,0.0,0.0,104761.32698903904,0.0,0.0
2024-12-02,0.0,0.0,104761.32698903904,0.0,0.0
2024-12-03,0.0,0.0,104761.32698903904,0.0,0.0
2024-12-04,0.0,0.0,104761.32698903904,0.0,0.0
2024-12-05,0.0,0.0,104761.32698903904,0.0,0.0
2024-12-06,0.0,0.0,104761.32698903904,0.0,0.0
2024-12-09,0.0,0.0,104761.32698903904,0.0,0.0
2024-12-10,-0.010541726344814206,-0.011041726344814207,103604.58108490647,1.0,0.0005
2024-12-11,0.0048697830928732255,0.0048697830928732255,104109.11292221796,0.0,0.0
2024-12-12,-0.01986950482957872,-0.01986950482957872,102040.51640020679,0.0,0.0
2024-12-13,-0.03799183065840561,-0.03799183065840561,98163.81038083388,0.0,0.0
2024-12-16,0.015608089368713385,0.015608089368713385,99695.95990603136,0.0,0.0
2024-12-17,0.01112844621694431,0.01112844621694431,100805.42103389227,0.0,0.0
2024-12-18,0.013615076465234743,0.013615076465234743,102177.89454937889,0.0,0.0
2024-12-19,-0.01967765704182789,-0.01967765704182789,100167.27298318016,0.0,0.0
2024-12-20,0.005924606158483003,0.005924606158483003,100760.72462557475,0.0,0.0
2024-12-23,0.00803521684020403,0.00803521684020403,101570.35889691733,0.0,0.0
2024-12-24,-0.005361860762347903,-0.005361860762347903,101025.75277493036,0.0,0.0
2024-12-25,-0.028478859996060146,-0.028478859996060146,98148.65450565652,0.0,0.0
2024-12-26,-0.014241368916343422,-0.014241368916343422,96750.88330819874,0.0,0.0
2024-12-27,-0.007264028278901047,-0.007264028278901047,96048.08215583934,0.0,0.0
2024-12-30,-0.00635055347504998,-0.00635055347504998,95438.12367393269,0.0,0.0
2024-12-31,0.045378985391465454,0.045378985391465454,99769.00889392095,0.0,0.0
2025-01-01,-0.031111732729434016,-0.031111732729434016,96665.02215453275,0.0,0.0
2025-01-02,0.050263936930174946,0.050263936930174946,101523.78673146217,0.0,0.0
2025-01-03,0.014612901452777605,0.014612901452777605,103007.34382208184,0.0,0.0
2025-01-06,-0.008233232358042186,-0.008233232358042186,102159.2604258099,0.0,0.0
2025-01-07,-0.0066561358627199585,-0.0066561358627199585,101479.27450878071,0.0,0.0
2025-01-08,0.0034854682891016786,0.0034854682891016786,101832.97730208212,0.0,0.0
2025-01-09,-0.008190152163926157,-0.008190152163926157,100998.94972267242,0.0,0.0
2025-01-10,-0.005902536944896286,-0.005902536944896286,100402.79969053862,0.0,0.0
2025-01-13,-0.007429732256222343,-0.007429732256222343,99656.8337710628,0.0,0.0
2025-01-14,-0.011711815348981136,-0.011711815348981136,98489.67133567201,0.0,0.0
2025-01-15,-0.0015227021218821024,-0.0015227021218821024,98339.7009041457,0.0,0.0
2025-01-16,-0.005902316569290744,-0.005902316569290744,97759.26885808008,0.0,0.0
2025-01-17,-0.0005317570262936,-0.0005317570262936,97707.28467997946,0.0,0.0
2025-01-20,-0.0006147240643731289,-0.0006147240643731289,97647.22166082212,0.0,0.0
2025-01-21,-0.0026271556724595246,-0.0026271556724595246,97390.687208536,0.0,0.0
2025-01-22,-0.005112527691026436,-0.005112527691026436,96892.77462333425,0.0,0.0
2025-01-23,0.0061017082399859035,0.0061017082399859035,97483.98606464855,0.0,0.0
2025-01-24,0.0006508862422001105,0.0006508862422001105,97547.43705001286,0.0,0.0
2025-01-27,0.003486386924103746,0.003486386924103746,97887.52515902386,0.0,0.0
2025-01-28,-0.011528568702444786,-0.011528568702444786,96759.02210011575,0.0,0.0
2025-01-29,2.5414506705123685e-05,2.5414506705123685e-05,96761.48118293169,0.0,0.0
2025-01-30,0.0077409765773066574,0.0077409765773066574,97510.50954235427,0.0,0.0
2025-01-31,0.0035962081206728502,0.0035962081206728502,97861.17762862143,0.0,0.0
2025-02-03,0.0,-0.0005,97812.24703980713,1.0,0.0005
2025-02-04,0.0,0.0,97812.24703980713,0.0,0.0
2025-02-05,0.0,0.0,97812.24703980713,0.0,0.0
2025-02-06,0.0,0.0,97812.24703980713,0.0,0.0
2025-02-07,0.0,0.0,97812.24703980713,0.0,0.0
2025-02-10,0.0,0.0,97812.24703980713,0.0,0.0
2025-02-11,0.0,0.0,97812.24703980713,0.0,0.0
2025-02-12,0.0028981754496937295,0.0023981754496937295,98046.81796933738,1.0,0.0005
2025-02-13,0.0024229800637383114,0.0024229800637383114,98284.38345459008,0.0,0.0
2025-02-14,0.0015408838853552265,0.0015408838853552265,98435.82827723732,0.0,0.0
2025-02-17,0.0010334034743504361,0.0010334034743504361,98537.55220417959,0.0,0.0
2025-02-18,0.0031602000013382092,0.0031602000013382092,98848.9505767871,0.0,0.0
2025-02-19,-0.0018686145594957182,-0.0018686145594957182,98664.23998854845,0.0,0.0
2025-02-20,0.005503403873949209,0.005503403873949209,99207.22914912167,0.0,0.0
2025-02-21,-0.000963293346235794,-0.000963293346235794,99111.66348538383,0.0,0.0
2025-02-24,-0.0045715493883135006,-0.0045715493883135006,98658.56962080249,0.0,0.0
2025-02-25,0.008221351033131041,0.008221351033131041,99469.6763540817,0.0,0.0
2025-02-26,-0.0014819334800583173,-0.0014819334800583173,99322.26891044203,0.0,0.0
2025-02-27,-0.00012235993695619563,-0.00012235993695619563,99310.1158438798,0.0,0.0
2025-02-28,0.011534579279700141,0.011534579279700141,100455.61624835724,0.0,0.0
2025-03-03,-0.004922968631123736,-0.004922968631123736,99961.07640074637,0.0,0.0
2025-03-04,0.0012532443634263313,0.0012532443634263313,100086.35205630765,0.0,0.0
2025-03-05,-0.009680919476596217,-0.009680919476596217,99117.42414134427,0.0,0.0
2025-03-06,0.0008426630662357049,0.0008426630662357049,99200.9467338886,0.0,0.0
2025-03-07,-0.003378339612140513,-0.003378339612140513,98865.81224597566,0.0,0.0
2025-03-10,0.003081804668946031,0.003081804668946031,99170.49736775445,0.0,0.0
2025-03-11,-0.003998854493606152,-0.003998854493606152,98773.92897872225,0.0,0.0
2025-03-12,0.01063632799019798,0.01063632799019798,99824.52088422046,0.0,0.0
2025-03-13,0.004678727961741069,0.004678727961741069,100291.57266134887,0.0,0.0
2025-03-14,-0.006095102663435159,-0.006095102663435159,99680.28522970059,0.0,0.0
2025-03-17,-0.0070660119167083035,-0.0070660119167083035,98975.94314640663,0.0,0.0
2025-03-18,0.007533791886530139,0.007533791886530139,99721.60730384469,0.0,0.0
2025-03-19,-0.0050649686844616015,-0.0050649686844616015,99216.52048568655,0.0,0.0
2025-03-20,-0.0009397303718942096,-0.0009397303718942096,99123.28370799248,0.0,0.0
2025-03-21,-0.003261564051640131,-0.003261564051640131,98799.98676916996,0.0,0.0
2025-03-24,0.009929923715379818,0.009929923715379818,99781.06310086836,0.0,0.0
2025-03-25,0.0006549799771287113,0.0006549799771287113,99846.41769929604,0.0,0.0
2025-03-26,0.0012407730839743003,0.0012407730839743003,99970.30444690859,0.0,0.0
2025-03-27,-0.006202083139565162,-0.006202083139565162,99350.28030724122,0.0,0.0
2025-03-28,-0.027056599334216003,-0.027056599334216003,96662.19957922614,0.0,0.0
2025-03-31,-0.003143471748128568,-0.003143471748128568,96358.34468573688,0.0,0.0
2025-04-01,0.03308246233933687,0.03308246233933687,99546.11599488363,0.0,0.0
2025-04-02,-0.00714514874540928,-0.00714514874540928,98834.8441890724,0.0,0.0
2025-04-03,-0.015689133935122612,-0.015689133935122612,97284.21108113308,0.0,0.0
2025-04-04,-0.0008351356056818249,-0.0008351356056818249,97202.96557258855,0.0,0.0
2025-04-07,0.05949654757406031,0.05949654757406031,102986.20643811782,0.0,0.0
2025-04-08,-0.0056559608614981105,-0.0056559608614981105,102403.72048522966,0.0,0.0
2025-04-09,-0.018330147217221038,-0.018330147217221038,100526.64521314425,0.0,0.0
2025-04-10,-0.0028093444094539066,-0.0028093444094539066,100244.23124441355,0.0,0.0
2025-04-11,0.013181117271095832,0.013181117271095832,101565.56221219701,0.0,0.0
2025-04-14,-0.012436906613471299,-0.012436906613471299,100302.4007998192,0.0,0.0
2025-04-15,0.006267348639864112,0.006267348639864112,100931.03091504704,0.0,0.0
2025-04-16,0.01121375904017996,0.01121375904017996,102062.84717540535,0.0,0.0
2025-04-17,-0.008097173773898514,-0.008097173773898514,101236.42656596725,0.0,0.0
2025-04-18,0.0034984722284303604,0.0034984722284303604,101590.5993928138,0.0,0.0
2025-04-21,-0.04379184321751994,-0.04379184321751994,97141.75979182983,0.0,0.0
2025-04-22,-0.010174914682589187,-0.010674914682589187,96104.77979393546,1.0,0.0005
2025-04-23,-0.03536460850839018,-0.03536460850839018,92706.0718807379,0.0,0.0
2025-04-24,-0.011960126913493907,-0.011960126913493907,91597.29549539278,0.0,0.0
2025-04-25,0.006622005862109981,0.006622005862109981,92203.85332311671,0.0,0.0
2025-04-28,-0.0019925047486040737,-0.0019925047486040737,92020.13670753081,0.0,0.0
2025-04-29,-0.00555886761465052,-0.00555886761465052,91508.60894969161,0.0,0.0
2025-04-30,0.008324261273511935,0.008324261273511935,92270.35051936448,0.0,0.0
2025-05-01,2.4538779941685185e-05,2.4538779941685185e-05,92272.61472119103,0.0,0.0
2025-05-02,0.005073059233819621,0.005073059233819621,92740.71916133103,0.0,0.0
2025-05-05,-0.0013142201255825214,-0.0013142201255825214,92618.83744174821,0.0,0.0
2025-05-06,-0.005456454615393458,-0.005789787948726791,92082.59401290289,0.6666666666666667,0.0003333333333333334
2025-05-07,0.0015021791364392967,0.0011688458031059632,92190.224366454,0.6666666666666667,0.0003333333333333334
2025-05-08,0.006324932835098718,0.006324932835098718,92773.3213436245,0.0,0.0
2025-05-09,-0.004242992197421358,-0.004242992197421358,92379.68486503464,0.0,0.0
2025-05-12,0.0005373313703434524,0.0005373313703434524,92429.32336769506,0.0,0.0
2025-05-13,0.0066681466986291404,0.0066681466986291404,93045.65565516589,0.0,0.0
2025-05-14,-0.001544855834232861,-0.001544855834232861,92901.91353117698,0.0,0.0
2025-05-15,-0.010261259987740523,-0.010761259987740524,91902.1718863094,1.0,0.0005
2025-05-16,0.0023981974102318393,0.0023981974102318393,92122.57143692183,0.0,0.0
2025-05-19,-0.0016066875617344323,-0.0016066875617344323,91974.55924723914,0.0,0.0
2025-05-20,0.010855227476968432,0.010855227476968432,92972.96400996184,0.0,0.0
2025-05-21,-0.004046323451667222,-0.004046323451667222,92596.7653253173,0.0,0.0
2025-05-22,-0.0017326718572729938,-0.0017326718572729938,92436.32551596362,0.0,0.0
2025-05-23,-0.009560713971608847,-0.009560713971608847,91552.56824711896,0.0,0.0
2025-05-26,0.0059465382786916265,0.0059465382786916265,92096.98909871299,0.0,0.0
2025-05-27,0.0037084105845472948,0.0037084105845472948,92438.52254789158,0.0,0.0
2025-05-28,-0.00040524278173914574,-0.00040524278173914574,92401.06250387442,0.0,0.0
2025-05-29,-0.006860613065048482,-0.006860613065048482,91767.13456723597,0.0,0.0
2025-05-30,-0.009742811131007612,-0.009742811131007612,90873.06470711363,0.0,0.0
2025-06-02,-0.01598841531410289,-0.01598841531410289,89420.14840771096,0.0,0.0
2025-06-03,-0.0017012369122290094,-0.0017012369122290094,89268.02355054277,0.0,0.0
2025-06-04,0.002137915130874246,0.002137915130874246,89458.87100879471,0.0,0.0
2025-06-05,0.005536691241262881,0.005536691241262881,89954.17715636238,0.0,0.0
2025-06-06,0.00908831755204842,0.00908831755204842,90771.70928349262,0.0,0.0
2025-06-09,0.0064845747714639135,0.0064845747714639135,91360.32521947501,0.0,0.0
2025-06-10,-8.342963729790487e-05,-0.0005834296372979049,91307.0228980688,1.0,0.0005
2025-06-11,-0.003954717483823866,-0.003954717483823866,90945.9294182179,0.0,0.0
2025-06-12,0.008691091754213343,0.008691091754213343,91736.34883546384,0.0,0.0
2025-06-13,-0.00484084523175532,-0.00484084523175532,91292.26736862505,0.0,0.0
2025-06-16,-0.004671425068041246,-0.004671425068041246,90865.80238232092,0.0,0.0
2025-06-17,0.011693663302616342,0.011693663302616342,91928.35648110186,0.0,0.0
2025-06-18,-0.006401719130923689,-0.006401719130923689,91339.85696274241,0.0,0.0
2025-06-19,0.011343802326892027,0.011343802326892027,92375.99824469436,0.0,0.0
2025-06-20,0.008094480645812974,0.008094480645812974,93123.7339746237,0.0,0.0
2025-06-23,-0.008207142789664668,-0.008207142789664668,92359.45419278723,0.0,0.0
2025-06-24,-0.005791460378893609,-0.005791460378893609,91824.55807321347,0.0,0.0
2025-06-25,-0.00802802541402986,-0.00802802541402986,91087.38818736964,0.0,0.0
2025-06-26,-0.01574304516756231,-0.01574304516756231,89653.3953209406,0.0,0.0
2025-06-27,-0.01038101882789405,-0.01038101882789405,88722.70173612928,0.0,0.0
2025-06-30,-0.012092275551355613,-0.012092275551355613,87649.84237907527,0.0,0.0
2025-07-01,-0.013168946175472873,-0.013168946175472873,86495.58632249654,0.0,0.0
2025-07-02,-0.006729477868272493,-0.007229477868272494,85870.2683954748,1.0,0.0005
2025-07-03,0.021426598679372466,0.021426598679372466,87710.17617487465,0.0,0.0
2025-07-04,-0.015736448449817253,-0.015736448449817253,86329.92950897434,0.0,0.0
2025-07-07,0.013425585851674748,0.013425585851674748,87488.95938916609,0.0,0.0
2025-07-08,0.006316915553107538,0.006316915553107538,88041.61975745672,0.0,0.0
2025-07-09,-0.0024590599658663725,-0.0024590599658663725,87825.12013498112,0.0,0.0
2025-07-10,-0.001089091899876382,-0.001089091899876382,87729.47050803644,0.0,0.0
2025-07-11,0.008064668494068394,0.008064668494068394,88436.9796048439,0.0,0.0
2025-07-14,-0.02587947634611809,-0.02587947634611809,86148.27688303821,0.0,0.0
2025-07-15,0.002952844094003204,0.002952844094003204,86402.65931364083,0.0,0.0
2025-07-16,-0.008356519920197591,-0.008356519920197591,85680.63376992835,0.0,0.0
2025-07-17,-0.015322139417064284,-0.015322139417064284,84367.82315396308,0.0,0.0
2025-07-18,-0.0010954697248356515,-0.0010954697248356515,84275.40075794763,0.0,0.0
2025-07-21,-0.05481501116115506,-0.05481501116115506,79655.84372478991,0.0,0.0
2025-07-22,-0.01542228894152109,-0.01542228894152109,78427.36828698555,0.0,0.0
2025-07-23,0.023152377594930496,0.023152377594930496,80243.14833134251,0.0,0.0
2025-07-24,-0.010891765399943854,-0.010891765399943854,79369.15878476464,0.0,0.0
2025-07-25,-0.010083904087855089,-0.010083904087855089,78568.80780004532,0.0,0.0
2025-07-28,0.0,-0.0005,78529.5233961453,1.0,0.0005
2025-07-29,0.0,0.0,78529.5233961453,0.0,0.0
2025-07-30,0.0,0.0,78529.5233961453,0.0,0.0
2025-07-31,0.0,0.0,78529.5233961453,0.0,0.0
2025-08-01,0.0,0.0,78529.5233961453,0.0,0.0
2025-08-04,0.0,0.0,78529.5233961453,0.0,0.0
2025-08-05,0.0,0.0,78529.5233961453,0.0,0.0
2025-08-06,0.0,0.0,78529.5233961453,0.0,0.0
2025-08-07,0.0,0.0,78529.5233961453,0.0,0.0
2025-08-08,0.0,0.0,78529.5233961453,0.0,0.0
2025-08-11,0.0,0.0,78529.5233961453,0.0,0.0
2025-08-12,0.0,0.0,78529.5233961453,0.0,0.0
2025-08-13,0.0,0.0,78529.5233961453,0.0,0.0
2025-08-14,0.0,0.0,78529.5233961453,0.0,0.0
2025-08-15,0.0,0.0,78529.5233961453,0.0,0.0
2025-08-18,0.0,0.0,78529.5233961453,0.0,0.0
2025-08-19,0.0,0.0,78529.5233961453,0.0,0.0
2025-08-20,0.0,0.0,78529.5233961453,0.0,0.0
2025-08-21,0.0,0.0,78529.5233961453,0.0,0.0
2025-08-22,0.0,0.0,78529.5233961453,0.0,0.0
2025-08-25,0.0,0.0,78529.5233961453,0.0,0.0
2025-08-26,0.0,0.0,78529.5233961453,0.0,0.0
2025-08-27,0.0,0.0,78529.5233961453,0.0,0.0
2025-08-28,0.0,0.0,78529.5233961453,0.0,0.0
2025-08-29,0.0,0.0,78529.5233961453,0.0,0.0
2025-09-01,0.0,0.0,78529.5233961453,0.0,0.0
2025-09-02,0.0,0.0,78529.5233961453,0.0,0.0
2025-09-03,0.0,0.0,78529.5233961453,0.0,0.0
2025-09-04,0.0,0.0,78529.5233961453,0.0,0.0
2025-09-05,0.0,0.0,78529.5233961453,0.0,0.0
2025-09-08,0.0,0.0,78529.5233961453,0.0,0.0
2025-09-09,0.0,0.0,78529.5233961453,0.0,0.0
2025-09-10,0.0,0.0,78529.5233961453,0.0,0.0
2025-09-11,0.0,0.0,78529.5233961453,0.0,0.0
2025-09-12,0.0,0.0,78529.5233961453,0.0,0.0
2025-09-15,0.0,0.0,78529.5233961453,0.0,0.0
2025-09-16,0.0,0.0,78529.5233961453,0.0,0.0
2025-09-17,0.0,0.0,78529.5233961453,0.0,0.0
2025-09-18,0.0,0.0,78529.5233961453,0.0,0.0
2025-09-19,0.0,0.0,78529.5233961453,0.0,0.0
2025-09-22,0.0,0.0,78529.5233961453,0.0,0.0
2025-09-23,0.0,0.0,78529.5233961453,0.0,0.0
2025-09-24,0.0,0.0,78529.5233961453,0.0,0.0
2025-09-25,0.0,0.0,78529.5233961453,0.0,0.0
2025-09-26,0.0,0.0,78529.5233961453,0.0,0.0
2025-09-29,0.0,0.0,78529.5233961453,0.0,0.0
2025-09-30,0.0,0.0,78529.5233961453,0.0,0.0
